RANK,FULLNAME,TEAM,POS,AGE,GP,MPG,MIN%Minutes,USG%Usage,TO%Turnover,FTA,FT%,2PA,2P%,3PA,3P%,eFG%Effective,TS%True,PPG,RPG,TRB%,APG,AST%,SPG,BPG,TOPG,VIVersatility,ORTG,DRTG
,Precious Achiuwa,Tor,F,22.45,51,23.2,48.4,17.2,11.1,89,0.573,315,0.457,69,0.333,0.465,0.482,8,6.9,16.2,1.2,7.4,0.53,0.57,1.04,7,104.4,104
,Steven Adams,Mem,C,28.61,59,26.4,55,12.3,20.6,161,0.553,300,0.543,0,0,0.543,0.56,7,9.9,19.6,3.3,15.9,0.86,0.75,1.63,9.3,122,104.2
,Bam Adebayo,Mia,C-F,24.62,37,33.3,69.4,25.3,14.8,225,0.747,494,0.538,5,0,0.533,0.585,18.9,10.2,17.3,3.6,17.9,1.51,0.89,2.81,10.6,113.8,97.4
,Santi Aldama,Mem,F-C,21.14,27,10.2,21.4,17.1,7.8,20,0.6,58,0.569,39,0.103,0.402,0.425,3.3,2.4,12.1,0.5,6.7,0.07,0.26,0.33,6.2,98.6,104.5
,LaMarcus Aldridge,Bro,C-F,36.62,42,22.6,47.1,23.2,8,95,0.874,386,0.583,43,0.302,0.57,0.607,13.6,5.6,13.3,0.9,6.3,0.31,1.07,0.98,7.2,119.1,108.1
,Nickeil Alexander-Walker,Nor,G,23.49,50,26.3,54.9,24.9,11.2,97,0.722,327,0.434,305,0.311,0.45,0.474,12.8,3.3,6.9,2.8,16.7,0.82,0.38,1.7,7.5,96.4,109.5
,Nickeil Alexander-Walker,Uta,G,23.49,2,2.6,5.4,8.4,0,0,0,0,0,1,0,0,0,0,0.5,10.5,0,0,0,0,0,0,,
,Grayson Allen,Mil,G,26.4,51,27.7,57.7,16,5.5,59,0.847,147,0.503,325,0.394,0.564,0.584,11.4,3.3,6.3,1.5,7.6,0.8,0.29,0.57,5.5,118.8,109.4
,Jarrett Allen,Cle,C,23.86,53,32.7,68,18.2,13,225,0.707,511,0.683,10,0.1,0.673,0.694,16.2,11,18.3,1.7,8.6,0.75,1.34,1.75,8.2,131.9,101.9
,Jose Alvarado,Nor,G,23.89,33,12.8,26.6,18.3,11.2,27,0.741,88,0.5,59,0.305,0.483,0.51,4.9,1.4,6.1,2.1,24.6,1,0.15,0.61,7.6,110.2,102.5
,Justin Anderson,Cle,F-G,28.28,3,15.5,32.4,11.1,17,4,0.75,2,1,6,0.333,0.625,0.666,4.3,2,7,2,17.5,0.33,0,0.67,6.7,126.3,101.6
,Justin Anderson,Ind,F-G,28.28,3,10.1,21,18.9,7.5,3,1,2,0.5,9,0.111,0.227,0.325,2.7,1.3,7.3,1,12.8,0.33,0.33,0.33,6,86.6,101.3
,Kyle Anderson,Mem,F-G,28.44,50,21.8,45.4,16.2,12.1,77,0.636,264,0.462,79,0.342,0.474,0.496,7.5,5.4,12.8,2.7,16.5,1.06,0.62,1.04,8.8,107.9,103.3
,Giannis Antetokounmpo,Mil,F,27.23,51,32.7,68.1,34.9,12.4,575,0.729,740,0.609,196,0.301,0.576,0.63,29.4,11.4,18.3,6,33.9,1,1.41,3.31,15.4,123.3,98.9
,Thanasis Antetokounmpo,Mil,F,29.62,38,9.7,20.2,14,16.6,26,0.615,78,0.551,11,0.091,0.5,0.523,2.8,2.2,11.7,0.5,7,0.37,0.24,0.53,6,107.1,95.5
,Carmelo Anthony,Lal,F,37.75,52,26.6,55.5,20.1,7,123,0.829,237,0.502,310,0.39,0.549,0.585,13.5,4.2,8.3,1,5.8,0.73,0.83,0.87,5.8,114.8,106.3
,Cole Anthony,Orl,G,21.79,48,32.8,68.4,26,14.6,193,0.855,415,0.441,308,0.334,0.467,0.52,17.5,5.7,9.3,5.8,29.1,0.83,0.27,2.88,10.2,102.4,107.3
,OG Anunoby,Tor,F,24.62,42,36.7,76.4,21,9.8,107,0.748,350,0.506,285,0.351,0.515,0.538,17.5,5.5,8.1,2.6,10.9,1.55,0.57,1.76,6.9,109.8,106.5
,Trevor Ariza,Lal,F,36.67,22,18.9,39.3,10.2,10.1,15,0.533,16,0.5,66,0.303,0.463,0.474,3.8,3.2,9.1,1,7.1,0.5,0.18,0.45,4.9,98.7,109.9
,D.J. Augustin,Hou,G,34.31,34,15,31.2,16.4,22.8,38,0.868,40,0.4,96,0.406,0.548,0.596,5.4,1.2,4.4,2.2,20.8,0.29,0,1.32,6.5,106.9,119.4
,Deni Avdija,Was,F,21.16,60,23.7,49.3,15,11.4,90,0.767,215,0.544,171,0.31,0.509,0.543,7.7,5.2,11.9,1.7,9.8,0.8,0.58,0.92,6.9,107.5,103.4
,Joel Ayayi,Was,G,21.99,7,2.9,6,13.2,0,0,0,5,0.2,1,0,0.167,0.167,0.3,0.4,8.1,0.6,25.4,0,0,0,5.7,,
,Deandre Ayton,Pho,C,23.61,40,29.3,61,20.9,11.8,106,0.717,441,0.646,11,0.364,0.644,0.66,16.5,10,18.2,1.4,7.5,0.8,0.85,1.68,8.4,123.5,98.9
,Udoka Azubuike,Uta,C-F,22.45,15,11.9,24.7,14.9,19.7,11,0.545,44,0.75,0,0,0.75,0.737,4.8,4.1,19,0,0,0.07,0.73,0.8,0,121,97
,Marvin Bagley III,Sac,F,22.97,30,21.9,45.6,18.7,7.3,47,0.745,184,0.538,62,0.242,0.494,0.521,9.3,7.2,17.7,0.6,3.9,0.3,0.37,0.7,6.3,111,108.6
,Marvin Bagley III,Det,F,22.97,4,22.4,46.6,21.4,2.2,11,0.455,33,0.576,6,0.167,0.526,0.525,11.5,5.5,13.2,0.3,2,0.5,0.25,0.25,4.8,111.4,110.9
,LaMelo Ball,Cha,G,20.52,56,32.7,68.1,28.1,14.8,194,0.861,544,0.456,409,0.369,0.498,0.537,19.9,7,11.2,7.4,34.8,1.52,0.43,3.21,12.4,109.1,104.6
,Lonzo Ball,Chi,G,24.34,35,34.6,72.2,17.3,17.2,28,0.75,123,0.423,260,0.423,0.567,0.575,13,5.4,8.7,5.1,19.9,1.83,0.89,2.34,8.2,109.8,106.6
,Mo Bamba,Orl,C,23.8,51,26,54.2,16.9,11.9,52,0.808,246,0.565,188,0.335,0.538,0.557,10,7.9,16.2,1.3,7.5,0.59,1.82,1.22,7.2,109.6,103.4
,Desmond Bane,Mem,G,23.68,59,30.1,62.8,22.9,9.3,115,0.904,441,0.49,407,0.408,0.548,0.575,17.5,4.4,7.6,2.6,12.6,1.14,0.42,1.56,7.8,114.5,104.3
,Dalano Banton,Tor,F,22.31,50,11.7,24.3,17.5,20.1,34,0.618,130,0.462,46,0.261,0.443,0.463,3.5,2.1,9.8,1.6,19.3,0.48,0.16,0.96,7.8,95.8,103.9
,Cat Barber,Atl,G,20,3,4.3,8.9,23.1,14.8,4,0,4,0,0,0,0,0,0,1,12.8,1,27.3,0,0,0.33,0,37.5,110.2
,Harrison Barnes,Sac,F,29.75,58,33.8,70.3,19.3,10.4,335,0.836,374,0.511,272,0.408,0.553,0.627,17.2,6.1,9.7,2.5,10.7,0.74,0.16,1.59,7.6,122.8,114.5
,Scottie Barnes,Tor,F,20.58,52,35.1,73,18.7,12.5,152,0.737,498,0.532,133,0.316,0.52,0.55,14.8,7.5,11.6,3.3,13.9,1.1,0.79,1.92,8.2,113.5,106.5
,RJ Barrett,Nyk,F-G,21.71,50,33.3,69.3,26.4,10.1,255,0.686,502,0.45,285,0.358,0.482,0.519,18.7,5.7,9.2,2.7,13.9,0.56,0.28,2.02,7.9,103.5,108
,Will Barton,Den,G,31.15,54,32.1,66.9,21.4,11.9,98,0.796,373,0.512,327,0.367,0.53,0.552,15.2,4.9,8.5,3.9,17.9,0.81,0.52,1.85,8.3,107.5,109
,Charles Bassey,Phi,C-F,21.34,23,7.3,15.2,16.2,13.3,12,0.75,43,0.698,4,0,0.638,0.66,3,2.7,20.4,0.3,6.6,0.22,0.74,0.35,7.4,131,89.2
,Paris Bass,Pho,F,26.51,2,3.7,7.7,51.8,22.5,2,1,4,0.5,2,0,0.333,0.436,3,2,28.8,0,0,0.5,0,1,0,,
,Keita Bates-Diop,San,F,26.1,48,16.5,34.3,14.2,12.8,48,0.708,163,0.564,47,0.362,0.56,0.582,5.6,3.9,12.6,0.6,5,0.48,0.29,0.71,5.7,111.6,108.2
,Nicolas Batum,Lac,G-F,33.21,42,24.6,51.2,13.4,9.2,24,0.667,79,0.646,196,0.408,0.622,0.627,8.5,4.4,9.4,1.5,8.9,0.98,0.76,0.69,6.2,119.2,105.5
,Kent Bazemore,Lal,G-F,32.67,33,14.1,29.4,13,8.5,17,0.765,54,0.296,68,0.368,0.439,0.463,3.6,1.7,6.2,0.9,8.5,0.64,0.21,0.36,5,99.1,102.5
,Darius Bazley,Okc,F-G,21.72,56,27.4,57.2,17.8,11.7,126,0.69,306,0.471,198,0.288,0.455,0.488,9.8,6.5,12.1,1.3,7.4,0.84,1.11,1.32,6.4,96.6,108.4
,Bradley Beal,Was,G,28.67,40,36,74.9,30.7,13.6,203,0.833,561,0.508,210,0.3,0.492,0.539,23.2,4.7,7.2,6.6,31.4,0.9,0.38,3.38,10,105.9,110.3
,Malik Beasley,Min,G,25.26,61,25.1,52.3,20.2,5.1,42,0.762,190,0.432,495,0.36,0.509,0.519,12,2.9,6.1,1.4,8.3,0.49,0.15,0.62,5.8,106.3,113.5
,Jordan Bell,Chi,F,27.15,1,2,4.2,0,,0,0,0,0,0,0,,,0,1,27.7,0,0,1,0,0,0,,
,DeAndre' Bembry,Bro,G-F,27.66,48,19.8,41.2,11.7,11.6,35,0.6,177,0.599,36,0.417,0.603,0.609,5.8,3.2,8.6,1.3,8.7,0.98,0.52,0.63,5.8,119.5,103.9
,DeAndre' Bembry,Mil,G-F,27.66,2,15.2,31.6,5.7,0,0,0,4,0.75,0,0,0.75,0.75,3,1.5,5.2,1.5,13.2,0.5,0,0,5,173.1,97.8
,Davis Bertans,Was,F,29.3,34,14.7,30.7,17.6,7.1,30,0.933,27,0.519,144,0.319,0.485,0.527,5.7,1.8,6.7,0.5,4.5,0.32,0.18,0.41,4.7,103.7,105.5
,Davis Bertans,Dal,F,29.3,4,17.6,36.7,19.7,0,2,1,2,1,28,0.393,0.617,0.631,9.8,2.5,7.8,0.5,4.5,0.25,0.5,0,5.2,126.9,106.1
,Patrick Beverley,Min,G,33.63,43,26.3,54.8,15.8,13.3,86,0.709,149,0.483,184,0.342,0.5,0.531,9.2,4.3,8.7,4.8,24.8,1.16,0.95,1.33,8.7,116.9,103.3
,Saddiq Bey,Det,F,22.89,61,33.5,69.9,21,7.8,178,0.837,402,0.445,449,0.343,0.482,0.521,15.9,5.8,9.3,2.8,13.6,0.87,0.21,1.3,7.6,108.7,113.3
,Khem Birch,Tor,C,29.42,34,18.2,38,11.4,11.5,48,0.75,117,0.513,8,0,0.48,0.534,4.6,4.3,12.9,1.1,8.3,0.71,0.47,0.56,6.1,123.7,104.6
,Goga Bitadze,Ind,C-F,22.61,38,11.9,24.8,20.1,15.2,58,0.603,103,0.583,50,0.2,0.49,0.518,4.9,2.9,13.5,0.8,10,0.34,0.68,0.84,7.6,105.1,100.4
,Bismack Biyombo,Pho,C,29.51,18,17.3,35.9,18.3,9.9,51,0.529,96,0.615,0,0,0.615,0.612,8.1,6.1,18.7,0.8,6.4,0.5,0.78,0.72,7.9,127.5,95.2
,Nemanja Bjelica,Gol,F,33.81,55,15.2,31.7,18.9,16.8,66,0.682,150,0.553,123,0.341,0.535,0.558,6.1,3.9,13.8,1.9,18.4,0.6,0.35,1.11,9.4,109,95.6
,Eric Bledsoe,Lac,G,32.23,54,25.2,52.5,20.5,18.3,117,0.761,305,0.479,163,0.313,0.475,0.514,9.9,3.4,7,4.2,24.4,1.28,0.35,2.15,8.3,100.1,105.7
,Keljin Blevins,Por,G,26.27,14,6,12.6,18,20.1,2,0,11,0.364,16,0.375,0.481,0.466,1.9,0.6,5.8,0.3,6.9,0,0.07,0.5,4.7,82.3,115.7
,Bojan Bogdanovic,Uta,F,32.87,58,31,64.5,23.5,10.1,211,0.867,402,0.527,374,0.374,0.544,0.591,17.7,4.3,7.6,1.7,8.4,0.47,0.02,1.69,6.5,115.1,109.1
,Bogdan Bogdanovic,Atl,G,29.53,42,29,60.3,20,8.6,58,0.793,201,0.517,282,0.376,0.545,0.562,13.6,3.9,7.4,3,15,1,0.19,1.14,7.5,112.6,109.8
,Bol Bol,Den,C-F,22.29,13,6.2,12.9,17.6,12.4,3,0.667,23,0.609,4,0.25,0.574,0.583,2.5,1.5,13.7,0.4,9.3,0.08,0.15,0.31,7.4,110,107.9
,Leandro Bolmaro,Min,F,21.47,25,7.5,15.7,10.7,25,9,0.889,20,0.35,12,0.167,0.313,0.389,1.1,1.4,9.9,0.4,7.3,0.2,0,0.48,4.5,87.5,105.6
,Isaac Bonga,Tor,G,22.31,13,5.1,10.6,11.4,11.3,6,0.667,9,0.222,4,0.25,0.269,0.352,0.8,0.5,5.7,0.2,5.7,0.54,0.15,0.15,3.4,88.7,96.5
,Devin Booker,Pho,G,25.33,54,34.4,71.6,32,9.6,273,0.864,741,0.49,383,0.368,0.511,0.557,25.6,5.2,8,4.6,21.6,1.15,0.39,2.44,9.9,110,103.1
,Brandon Boston Jr.,Lac,G,20.26,42,14.9,31,22.3,8.2,59,0.847,171,0.409,95,0.295,0.421,0.469,6.5,2.3,8,0.9,8.6,0.52,0.26,0.62,6.4,95.2,106.8
,Chris Boucher,Tor,F-C,29.13,58,20.2,42,17.9,7,146,0.767,236,0.585,154,0.286,0.523,0.572,9,5.8,15.6,0.3,2.4,0.62,0.98,0.59,5,122.2,101.3
,James Bouknight,Cha,G,21.45,28,10.6,22,23.2,8,31,0.871,87,0.356,49,0.347,0.415,0.468,5,1.7,8.5,0.8,11,0.25,0.04,0.46,7.1,101.7,108.7
,Avery Bradley,Lal,G,31.26,49,23.8,49.5,12.5,9.8,14,0.857,123,0.455,176,0.381,0.523,0.533,6.6,2.3,5.1,0.8,4.8,0.94,0.18,0.67,3.9,103.4,107.8
,Tony Bradley,Chi,C-F,24.14,46,11,22.9,12.8,19.7,21,0.667,109,0.587,0,0,0.587,0.6,3.1,3.7,18.6,0.5,6.1,0.24,0.7,0.63,6.5,118.3,101.8
,Ignas Brazdeikis,Orl,F,23.14,29,8.8,18.3,16.1,8.5,15,0.8,44,0.409,36,0.306,0.431,0.468,2.8,1.2,7.5,0.7,12.2,0.24,0.03,0.28,6,101.8,107.2
,Miles Bridges,Cha,F,23.95,61,36.2,75.3,22.4,10.4,256,0.801,579,0.587,356,0.309,0.54,0.58,19.9,7.2,10.4,3.6,15,1,0.92,1.98,8.9,113.8,108.5
,Mikal Bridges,Pho,F,25.5,61,34.9,72.6,14.3,6.8,97,0.835,383,0.637,229,0.358,0.6,0.622,13.4,4.4,6.7,2.2,8.5,1.18,0.43,0.79,5.8,125.1,105.9
,Oshae Brissett,Ind,F-G,23.7,50,21.1,43.9,16.7,9.1,103,0.631,176,0.466,150,0.34,0.486,0.514,7.6,4.9,13,0.8,5.6,0.58,0.44,0.74,5.9,108.6,109.6
,Malcolm Brogdon,Ind,G,29.22,30,33.1,69,24.1,11.3,126,0.865,278,0.525,160,0.319,0.508,0.561,18.5,5.1,8.6,5.8,27.4,0.9,0.4,2.1,9.9,115.6,111.5
,Armoni Brooks,Hou,G,23.74,41,16.8,35.1,17.3,8.1,19,0.842,38,0.605,213,0.3,0.474,0.49,6.2,2,6.4,1.2,10.5,0.51,0.2,0.56,5.9,100.6,112.1
,Dillon Brooks,Mem,G-F,26.1,21,27.9,58.2,28.7,9.1,72,0.889,239,0.469,101,0.327,0.475,0.521,18.4,3.3,6.1,2.7,15.1,1.29,0.19,1.76,7.8,106.9,101.6
,Chaundee Brown Jr.,Lal,G,23.24,2,10.3,21.5,16.7,12.5,0,0,4,0.25,3,0,0.143,0.143,1,1,5.1,0,0,0,0,0.5,0,27.3,118.3
,Charlie Brown Jr.,Dal,G,24.07,3,5.1,10.7,14.6,0,0,0,2,0.5,3,0,0.2,0.2,0.7,0.3,3.6,0.3,8.7,0.67,0.33,0,3.1,55.5,92
,Chaundee Brown Jr.,Atl,G,23.24,3,27.7,57.7,14.5,0,6,0.833,10,0.3,15,0.4,0.48,0.525,9.7,4.7,9.2,1.3,6.4,0.67,0,0,5.6,117.5,108
,Charlie Brown Jr.,Phi,G,24.07,16,9.8,20.4,12.5,11.5,10,0.9,25,0.32,9,0.111,0.279,0.365,1.8,1.9,10.9,0.3,4.2,0.5,0.19,0.31,4.1,92.8,101.9
,Greg Brown III,Por,F,20.5,30,8.9,18.5,19.7,9.9,36,0.639,67,0.537,26,0.192,0.468,0.505,3.7,2.1,12.9,0.3,5.1,0.4,0.4,0.4,6,104.4,103.1
,Troy Brown Jr.,Chi,G-F,22.59,51,17.7,37,12.2,8.8,25,0.76,110,0.473,108,0.324,0.479,0.498,4.5,3.4,10.7,1.1,7.8,0.57,0.08,0.43,5.8,107.4,108.3
,Bruce Brown,Bro,G-F,25.54,53,21.8,45.4,14,9.6,67,0.746,256,0.508,53,0.358,0.513,0.542,6.9,4.4,11,1.4,8.8,1.02,0.53,0.68,6.4,114.9,103.7
,Jaylen Brown,Bos,G-F,25.35,49,34.3,71.4,30.4,12,243,0.765,555,0.537,362,0.348,0.531,0.566,23.7,6.3,9.8,3.3,17.3,1.02,0.33,2.84,9.2,106.9,101.4
,Moses Brown,Dal,C,22.38,26,6.5,13.5,22.1,16.9,43,0.628,50,0.54,0,0,0.54,0.588,3.1,2.3,19.9,0,0.9,0.12,0.35,0.54,0,107,89.6
,Sterling Brown,Dal,G-F,27.05,38,13.8,28.7,13.2,13.7,11,0.909,49,0.49,79,0.342,0.504,0.523,3.7,3.4,13.5,0.8,8,0.32,0.13,0.55,6.3,104.5,100.4
,Jalen Brunson,Dal,G,25.5,60,32.1,66.9,21.9,11.2,155,0.813,584,0.541,182,0.368,0.544,0.575,16,3.7,6.4,5.4,27.2,0.88,0.05,1.75,8.5,116.4,105.6
,Thomas Bryant,Was,C-F,24.58,18,17.1,35.6,19.3,9.7,24,0.833,78,0.59,32,0.281,0.541,0.576,7.7,3.9,12.5,0.9,8.5,0.33,0.67,0.72,7,115.9,105.6
,Shaq Buchanan,Mem,G,20,2,4.9,10.2,25.2,33.3,0,0,2,0.5,2,0,0.25,0.25,1,1,10.7,1,25.9,0.5,0,1,8.2,60.6,99.5
,Reggie Bullock,Dal,G-F,30.96,51,25.7,53.5,13.5,6.9,35,0.857,80,0.575,271,0.369,0.558,0.576,8.3,3.4,7.2,1,5.8,0.53,0.16,0.53,4.7,113.5,106.1
,Trey Burke,Dal,G,29.3,32,10.8,22.5,25.9,10.5,17,0.941,102,0.471,69,0.333,0.482,0.507,5.7,0.9,4.5,1.4,21.9,0.31,0,0.66,7.1,101.2,103.1
,Alec Burks,Nyk,G,30.61,60,26.9,56,17.9,9.1,194,0.825,246,0.378,265,0.385,0.481,0.547,10.9,4.5,8.9,2.6,14.8,1.05,0.28,1,7.5,115.1,103.6
,Jared Butler,Uta,G,21.51,28,7.6,15.9,23.5,19.1,12,0.583,41,0.463,47,0.362,0.506,0.515,3.4,0.8,5.9,1.2,23.4,0.32,0.25,0.79,7.8,98.6,99.3
,Jimmy Butler,Mia,F,32.46,43,34.1,71,26.9,10.4,350,0.877,562,0.516,81,0.198,0.488,0.587,21.7,6.3,10.4,5.8,28.1,1.81,0.44,2.16,10.9,123.8,105.4
,Devontae Cacok,San,F,25.39,11,8.4,17.5,14.2,6.4,7,0.571,26,0.692,0,0,0.692,0.688,3.6,3.3,20.5,0.5,7.6,0.64,0.64,0.18,8.6,137.8,94.1
,Kentavious Caldwell-Pope,Was,G,29.03,57,29.7,61.9,18.1,9.8,90,0.911,287,0.446,296,0.378,0.508,0.541,11.8,3.3,6.1,1.8,8.6,1.09,0.37,1.19,5.6,104.9,110.9
,Facundo Campazzo,Den,G,30.94,56,20,41.8,14.8,17,74,0.811,99,0.485,182,0.313,0.475,0.521,5.8,2,5.5,3.6,24,1.05,0.41,1.14,6.9,110.4,102.5
,Vlatko Cancar,Den,F,24.89,14,10.9,22.7,15.1,15.3,12,0.75,27,0.556,12,0.583,0.654,0.678,4.3,1.6,8.4,0.9,12,0.14,0.21,0.57,6.7,123.8,106.2
,Clint Capela,Atl,C,27.79,52,27.9,58.1,15.3,6.1,122,0.467,423,0.591,1,0,0.59,0.583,10.7,12.1,23.7,1.3,7.1,0.69,1.38,0.6,7.9,130.7,104.4
,Vernon Carey Jr.,Cha,F-C,21.01,4,4.2,8.8,20.8,12,3,0.667,6,0.5,0,0,0.5,0.546,2,1.3,15.4,0,0,0.25,0,0.25,0,113.1,109.7
,Vernon Carey Jr.,Was,F-C,21.01,1,1.4,2.9,0,,0,0,0,0,0,0,,,0,0,0,0,0,0,0,0,0,,
,Wendell Carter Jr.,Orl,C-F,22.87,53,29.4,61.3,20.2,13,166,0.705,374,0.615,187,0.326,0.573,0.599,14.3,10.3,18.6,2.7,15,0.6,0.68,1.79,10,115.6,103.2
,Jevon Carter,Bro,G,26.46,46,12,25,15.9,12.7,10,0.7,47,0.34,127,0.331,0.454,0.462,3.6,1.5,6.5,1,11.1,0.3,0.22,0.57,5.8,93.4,109
,Jevon Carter,Mil,G,26.46,2,18.9,39.4,12.2,0,4,1,4,0,5,0.4,0.333,0.465,5,2,5.6,1.5,9.9,0,0,0,5.2,119,103
,Alex Caruso,Chi,G,28,28,27.7,57.7,14,16.1,59,0.814,95,0.505,87,0.345,0.511,0.563,8.4,3.9,7.7,3.9,18.2,1.93,0.39,1.43,7.3,115.1,104.2
,Willie Cauley-Stein,Dal,C,28.54,18,9.8,20.5,10.9,16.3,2,0.5,33,0.455,2,0.5,0.471,0.474,1.9,2.1,11.8,0.5,7,0.33,0.17,0.39,5.1,102.5,100.1
,Willie Cauley-Stein,Phi,C,28.54,1,4.4,9.2,0,,0,0,0,0,0,0,,,0,2,25.1,1,27.9,0,0,0,0,,80.5
,Ahmad Caver,Ind,G,20,1,0.9,1.9,47.9,0,0,0,1,1,0,0,1,1,2,0,0,0,0,0,0,0,0,,
,Justin Champagnie,Tor,G-F,20.67,34,8,16.7,11.9,9.2,9,1,39,0.538,26,0.346,0.531,0.566,2.3,2.1,13.9,0.3,5.6,0.21,0.12,0.21,5.7,128.7,102.8
,Zylan Cheatham,Uta,F,26.29,1,5.2,10.8,25.1,0,0,0,1,0,2,0,0,0,0,0,0,0,0,0,0,0,0,0,118.8
,Chris Chiozza,Gol,G,26.28,26,10.7,22.4,13.6,25.2,1,1,22,0.136,43,0.372,0.415,0.42,2.1,1.2,5.8,1.8,21.9,0.35,0,0.85,6.2,91.7,102.2
,Marquese Chriss,Dal,F,24.66,23,11.1,23.2,22.1,13.5,19,0.632,80,0.513,21,0.333,0.51,0.526,5,3.5,17.2,0.5,7.5,0.48,0.43,0.74,7.4,102.1,86.3
,Josh Christopher,Hou,G,20.23,52,16.4,34.1,20.7,17,66,0.773,193,0.523,124,0.315,0.503,0.535,7.1,2.2,7.2,1.8,16.7,0.85,0.13,1.37,7.4,101.3,113.3
,Brandon Clarke,Mem,F,25.44,48,19.1,39.8,17.9,6.3,97,0.66,312,0.673,19,0.211,0.653,0.664,10.3,5.5,14.9,1.4,11.3,0.54,1.04,0.52,9,138.1,102.3
,Gary Clark,Nor,F,27.29,29,10.3,21.5,11.2,7.7,8,0.75,11,0.273,57,0.404,0.551,0.566,2.8,2.5,13.2,0.4,5.1,0.34,0.24,0.21,5.5,119.3,108.4
,Jordan Clarkson,Uta,G,29.73,57,26.3,54.8,27.2,9.5,114,0.833,348,0.52,448,0.319,0.497,0.524,15.5,3.3,6.9,2.4,14.1,0.75,0.23,1.56,7.6,106.1,106.6
,Nic Claxton,Bro,F-C,22.87,27,20.5,42.7,15.9,8.8,55,0.545,162,0.642,0,0,0.642,0.639,8.8,5.4,14.1,0.8,5.9,0.48,1.07,0.67,6.6,128.7,105.1
,Amir Coffey,Lac,G-F,24.7,50,22.3,46.4,14.8,8.3,85,0.871,129,0.574,178,0.382,0.573,0.618,8.5,2.9,6.9,1.7,10.7,0.52,0.2,0.62,6.2,123.1,107.7
,John Collins,Atl,F-C,24.44,50,31.3,65.2,20.5,7.7,160,0.794,445,0.591,160,0.388,0.588,0.621,16.8,7.9,13.8,1.9,9.3,0.64,1.08,1.12,8.1,124.7,105.6
,Zach Collins,San,F-C,24.28,8,16.3,34,19.9,29.3,10,0.7,28,0.5,11,0.273,0.474,0.507,5.5,5.1,16.5,1.9,14.8,0.75,0.38,2.25,9.2,91.6,98.5
,Darren Collison,Lal,G,34.52,3,12.4,25.8,9.2,12.5,0,0,4,0.5,3,0,0.286,0.286,1.3,1.3,5.7,0.7,6.8,0.33,0,0.33,3.4,64.5,101.7
,Mike Conley,Uta,G,34.39,54,28.3,58.9,21.1,12.6,121,0.835,278,0.471,315,0.406,0.545,0.578,13.8,3.1,6,5.3,27.4,1.22,0.33,1.72,8.6,120.5,106.6
,Pat Connaughton,Mil,G,29.15,54,27,56.2,13.6,6.7,37,0.811,108,0.639,307,0.407,0.618,0.63,10.1,4.4,8.5,1.2,6.3,0.94,0.26,0.57,5.6,124.5,108.2
,Tyler Cook,Chi,F,24.44,19,10.3,21.5,12.7,12.4,31,0.645,36,0.611,0,0,0.611,0.645,3.4,2.7,14.7,0.2,2,0.21,0.21,0.37,4.8,127.8,100.3
,Sharife Cooper,Atl,G,20.72,11,3.2,6.7,23.5,26.3,0,0,8,0.25,6,0.167,0.25,0.25,0.6,0.5,7.7,0.5,18.3,0,0,0.45,6.6,,
,Petr Cornelie,Den,F,26.6,13,2.9,6.1,24,19.3,4,0.75,7,0.571,8,0.125,0.367,0.418,1.1,1.1,20.5,0.2,11,0.08,0.08,0.31,8.6,,
,DeMarcus Cousins,Mil,C,31.55,17,16.9,35.1,22.5,10.6,38,0.816,70,0.6,48,0.271,0.521,0.572,9.1,5.8,18,1.1,9.5,0.94,0.47,0.94,9.2,115.6,91.3
,DeMarcus Cousins,Den,C,31.55,10,13.6,28.4,34,23.8,30,0.667,45,0.4,22,0.318,0.425,0.48,7.7,6.6,26.9,1.6,17.6,0.8,0.4,2.5,12.7,89.9,81.8
,Robert Covington,Por,F,31.21,48,29.8,62.1,12.5,14.2,36,0.833,106,0.462,230,0.343,0.499,0.519,7.6,5.7,10.4,1.4,6.6,1.54,1.31,1.21,5.3,100.6,106
,Robert Covington,Lac,F,31.21,9,20.1,42,16.6,11.7,15,0.8,22,0.636,32,0.344,0.565,0.602,8.1,5,13,1.1,8,1.22,1.11,0.89,7.1,118.2,96.9
,Torrey Craig,Ind,F,31.2,51,20.3,42.2,14,11.6,35,0.771,143,0.573,138,0.333,0.537,0.555,6.5,3.8,10.4,1.1,7.8,0.47,0.37,0.76,5.9,112.3,108.3
,Torrey Craig,Pho,F,31.2,6,19.3,40.2,14.6,15.3,5,0.4,12,0.583,19,0.211,0.419,0.422,4.7,5.2,14.2,1,6.5,0.67,1,1,6,88.8,99
,Jae Crowder,Pho,F,31.65,51,28.3,59,14,8.8,69,0.812,133,0.519,264,0.348,0.521,0.55,9.2,5.3,9.9,1.6,7.3,1.33,0.43,0.8,6,109.5,99.5
,Jarrett Culver,Mem,G-F,23.03,27,9.2,19.2,19.7,10.9,23,0.522,63,0.476,33,0.303,0.469,0.481,3.8,1.4,8.2,1,14.4,0.56,0.15,0.48,7.6,101.9,99.6
,Jarron Cumberland,Por,G,24.44,3,4.1,8.5,7.1,0,0,0,1,1,1,0,0.5,0.5,0.7,1,13.3,0.3,11.2,0,0,0,5.8,138.4,101.6
,Cade Cunningham,Det,G,20.43,47,31.7,66.1,26.7,17.7,109,0.844,434,0.447,285,0.319,0.46,0.491,16,5.5,9.4,5.1,27.7,1.21,0.66,3.51,9.7,93.8,106.6
,Seth Curry,Phi,G,31.52,45,34.8,72.5,18.5,13,73,0.877,278,0.561,250,0.4,0.58,0.603,15,3.4,5.3,4,17.8,0.8,0.24,1.87,6.8,113.3,108.5
,Seth Curry,Bro,G,31.52,6,30.6,63.6,22.2,11.6,8,0.875,39,0.513,41,0.488,0.625,0.641,17.8,3.8,6.8,3.7,18.8,0.67,0.17,1.83,8.2,118.4,109.9
,Stephen Curry,Gol,G,33.96,56,34.8,72.4,31.1,12.9,269,0.914,414,0.512,680,0.376,0.545,0.593,25.7,5.3,8.2,6.5,31.5,1.38,0.39,3.2,11,114.6,102.9
,Anthony Davis,Lal,F-C,28.97,37,35.1,73.1,26.9,9.4,227,0.709,569,0.578,66,0.182,0.546,0.582,23.1,9.7,14.7,2.9,14.1,1.22,2.32,2.05,9.9,116,105.2
,Ed Davis,Cle,C-F,32.74,19,7.5,15.6,7,22.2,8,0.375,14,0.643,0,0,0.643,0.599,1.1,2.3,16.9,0.3,4.6,0.16,0.42,0.26,4.9,110.1,86.6
,Terence Davis,Sac,G,24.79,30,17.9,37.2,25.4,10.3,44,0.818,118,0.542,149,0.329,0.515,0.543,10.4,3.1,9.4,1.3,11.8,0.83,0.37,1.1,7.8,103.5,102.8
,Gabriel Deck,Okc,F,27.06,7,7.9,16.5,12.5,12.5,0,0,10,0.6,4,0.5,0.643,0.643,2.6,0.9,5.5,0.7,14.1,0.14,0,0.29,6,120.7,112.5
,Dewayne Dedmon,Mia,C,32.55,52,16.3,34,16.8,17.4,74,0.784,202,0.594,31,0.516,0.618,0.651,6.7,6.1,21,0.8,7,0.4,0.56,1.08,7.8,121,91.2
,Sam Dekker,Tor,F,27.82,1,0.9,1.9,0,,0,0,0,0,0,0,,,0,0,0,0,0,0,0,0,0,,
,Javin DeLaurier,Mil,C,20,1,2.8,5.8,0,,0,0,0,0,0,0,,,0,1,18.8,0,0,1,0,0,0,,
,DeMar DeRozan,Chi,G-F,32.57,58,35.7,74.4,31.8,9,462,0.864,1054,0.531,106,0.358,0.532,0.599,28.2,5.3,8.2,5,24.1,0.91,0.33,2.33,10.2,119.4,109.5
,Mamadi Diakite,Okc,F,25.11,13,14.4,30.1,13.3,10.4,11,0.545,42,0.595,5,0,0.532,0.54,4.3,4.5,15.7,0.2,1.6,0.38,0.69,0.46,4.4,109.6,92.2
,Cheick Diallo,Det,F-C,25.46,3,10.2,21.3,16.2,8.6,6,0.833,8,0.375,0,0,0.375,0.517,3.7,4,21.1,0,0,0.33,0,0.33,0,115.1,92.4
,Hamidou Diallo,Det,G,23.58,54,22.4,46.6,21.6,9.2,129,0.659,410,0.549,89,0.258,0.52,0.543,11.2,4.9,11.8,1.3,10,1.24,0.31,1.04,7.4,107.5,103.1
,Gorgui Dieng,Atl,C,32.12,38,8.8,18.3,16.8,15.6,24,0.708,43,0.535,55,0.436,0.602,0.622,3.6,3,18.6,0.8,12.9,0.26,0.34,0.53,9.3,122.8,99.6
,Spencer Dinwiddie,Was,G,28.9,44,30.2,63,21,11.6,143,0.811,266,0.432,226,0.31,0.447,0.501,12.6,4.7,8.5,5.8,27.9,0.61,0.16,1.66,9.3,108.8,108.3
,Spencer Dinwiddie,Dal,G,28.9,4,27.7,57.7,17.8,6.8,11,0.364,23,0.739,13,0.462,0.722,0.686,14,3.3,6.5,3.3,19.5,1,0,0.75,7.7,132.7,104.6
,Donte DiVincenzo,Mil,G,25.08,17,20.1,41.8,19.8,17.7,27,0.852,44,0.409,74,0.284,0.419,0.47,7.2,3.5,9.3,1.7,11.5,0.65,0.18,1.65,7,93.6,105.9
,Donte DiVincenzo,Sac,G,25.08,6,22.9,47.6,17.6,12.4,10,0.9,13,0.462,32,0.313,0.467,0.516,8.5,3.7,8.6,3.3,20,1.33,0,1.17,8.2,109.6,109.8
,Luka Doncic,Dal,F-G,23,46,35.4,73.8,37.3,15.3,336,0.741,616,0.516,382,0.335,0.511,0.554,27.6,9.2,14.2,8.9,46.6,1.15,0.5,4.5,14.8,108.1,100.6
,Luguentz Dort,Okc,G,22.87,51,32.7,68,23.3,9.8,191,0.843,335,0.487,391,0.332,0.493,0.541,17.2,4.2,6.5,1.7,8.7,0.9,0.35,1.73,6.1,104.5,105.4
,Ayo Dosunmu,Chi,G,22.12,57,26.2,54.5,13.5,16.1,62,0.677,225,0.591,133,0.406,0.598,0.61,8.2,2.9,6.1,3.1,15.9,0.74,0.42,1.3,6.4,114.6,107
,Damyean Dotson,Nyk,G,27.82,2,10.3,21.5,8.5,0,0,0,3,0.667,1,0,0.5,0.5,2,1,5.2,0.5,7.2,0,0,0,3.9,113.2,117.8
,Devon Dotson,Chi,G,22.58,11,7.7,16.1,16.5,15.6,9,0.556,14,0.643,9,0.222,0.522,0.538,2.6,0.8,5.9,1.4,23.7,0.09,0,0.45,7.4,109.5,103.7
,Sekou Doumbouya,Lal,F,21.18,2,8.2,17.1,30.8,17,4,0.75,6,0.667,2,0.5,0.688,0.717,7,3,19.4,0,0,1.5,1,1,0,117.9,96
,Jeff Dowtin,Gol,G,24.81,4,6.9,14.4,11,14.3,0,0,5,0.6,1,0,0.5,0.5,1.5,1.8,13.7,0.8,14.8,0,0.25,0.25,7.5,108.8,101.6
,Jeff Dowtin,Mil,G,24.81,1,3,6.3,14.3,0,0,0,0,0,1,0,0,0,0,0,0,0,0,0,0,0,0,,
,P.J. Dozier,Den,G-F,25.35,18,18.9,39.4,15.2,11,13,0.769,51,0.412,48,0.313,0.439,0.463,5.4,3.5,10.3,1.6,11.4,0.61,0.33,0.72,6.6,100.2,102.8
,Goran Dragic,Tor,G,35.82,5,18,37.4,18.8,2.5,10,1,20,0.45,14,0.286,0.441,0.521,8,2.8,8.5,1.8,14.5,1,0.2,0.2,7.6,121.8,103.8
,Goran Dragic,Bro,G,35.82,2,15.5,32.3,20.3,13.7,6,0.667,5,0.2,5,0.4,0.4,0.475,6,2,6.9,3.5,29.7,0,0,1,9,110.7,106.5
,Andre Drummond,Phi,C,28.56,49,18.4,38.4,17.6,22.4,82,0.512,236,0.542,2,0,0.538,0.544,6.1,8.8,26.5,2,16,1.16,0.92,1.61,10.3,111.4,90.8
,Andre Drummond,Bro,C,28.56,6,21.7,45.2,22,18,24,0.458,43,0.558,1,0,0.545,0.541,9.8,10.2,25.2,2.5,17.1,1,0.83,2,11.6,109.4,96.6
,Chris Duarte,Ind,G,24.72,52,28.3,59.1,21.3,12.2,108,0.796,348,0.483,244,0.365,0.509,0.539,13.3,4.1,8,2.2,11.4,1.06,0.19,1.71,7,103.8,111.4
,David Duke Jr.,Bro,G,22.38,21,16.2,33.7,16,7.1,21,0.81,71,0.423,37,0.243,0.403,0.444,5,3.2,10.6,0.8,6.7,0.67,0.33,0.43,5.8,103.9,105.2
,Kevin Durant,Bro,F,33.42,36,36.5,76,31.1,11.3,255,0.894,549,0.568,180,0.372,0.566,0.626,29.3,7.4,10.9,5.8,27.7,0.78,0.94,2.97,11.8,120.1,109.9
,Jaime Echenique,Was,C,24.84,1,3.1,6.5,0,,0,0,0,0,0,0,,,0,0,0,0,0,0,0,0,0,,
,Anthony Edwards,Min,G,20.57,56,34.6,72,26.9,12.4,228,0.768,514,0.512,476,0.347,0.516,0.548,21.4,4.7,7.2,3.7,16.9,1.5,0.71,2.77,8.3,105.6,109.5
,Kessler Edwards,Bro,F,21.56,31,24.1,50.2,13.5,14.5,12,0.833,95,0.453,100,0.35,0.49,0.502,6.5,4.2,9.4,0.7,3.9,0.74,0.55,1.1,4.4,96,107.6
,Rob Edwards,Okc,G,25.11,2,5.5,11.4,19.8,20,0,0,0,0,4,0.25,0.375,0.375,1.5,1.5,14,0,0,0,0,0.5,0,59.8,111.8
,CJ Elleby,Por,F-G,21.71,37,15.6,32.6,14.2,10,30,0.8,89,0.483,68,0.265,0.446,0.482,4.4,3,10.6,1.1,10.1,0.57,0.24,0.51,6.3,106.5,105.9
,Wayne Ellington,Lal,G,34.25,36,18.9,39.3,13.4,7.1,5,0.8,17,0.471,177,0.384,0.567,0.571,6.2,1.7,4.8,0.7,4.8,0.56,0.08,0.42,4.1,110,111.4
,Joel Embiid,Phi,C-F,27.96,48,33,68.7,37.3,10.8,558,0.815,746,0.524,177,0.367,0.529,0.613,29.8,11.1,18.6,4.4,25.6,1.02,1.48,2.94,13.7,119.9,100.3
,James Ennis III,Bro,F,31.67,2,6.9,14.3,22,0,0,0,5,0.2,2,0.5,0.357,0.357,2.5,2.5,19.7,0,0,0.5,0.5,0,0,92.3,111.6
,James Ennis III,Lac,F,31.67,2,14.1,29.3,21.5,7.3,4,1,7,0.714,4,0.5,0.727,0.784,10,2.5,9.3,0,0,0.5,0.5,0.5,0,145.1,97.9
,James Ennis III,Den,F,31.67,3,4.6,9.7,23.6,13.4,1,0,4,0.5,2,0,0.333,0.311,1.3,0.7,8,1,30.5,0,0,0.33,8.4,82.4,109.7
,Drew Eubanks,San,F-C,25.08,49,12.1,25.3,17,19.2,79,0.747,151,0.55,8,0.125,0.531,0.588,4.7,4,17.3,1,11,0.27,0.61,0.94,8.8,113.3,103
,Drew Eubanks,Por,F-C,25.08,2,24.8,51.7,12.2,14.4,2,0.5,11,0.636,0,0,0.636,0.631,7.5,7.5,16.5,1,6,0,0,1,6.2,124.1,105.3
,Tacko Fall,Cle,C,26.22,11,5.3,11.1,13.6,16.6,7,0.286,12,0.417,0,0,0.417,0.398,1.1,2.1,21.3,0.2,4.6,0,0.55,0.27,5.8,91.7,102
,Derrick Favors,Okc,F,30.63,39,16.7,34.9,13.4,4.5,25,0.64,166,0.554,16,0.125,0.522,0.534,5.3,4.7,14.4,0.6,6,0.44,0.31,0.23,5.9,118.7,102.1
,Bruno Fernando,Bos,F-C,23.54,20,2.9,6.1,16,23.6,5,0.8,13,0.462,1,1,0.536,0.586,1,0.8,13.8,0.2,9.9,0,0.15,0.25,7.5,,
,Bruno Fernando,Hou,F-C,23.54,2,6.7,14,35.7,17.7,3,0.667,7,0.571,1,0,0.5,0.536,5,3,24.5,0,0,0,0,1,0,98,103.7
,Dorian Finney-Smith,Dal,F,28.83,60,32.8,68.4,13.6,10.9,68,0.691,198,0.556,305,0.374,0.559,0.571,10.2,4.9,8.1,1.9,8.2,1.17,0.5,1.08,5.6,114.6,104
,Malik Fitts,Uta,F,20,7,5,10.4,13.7,18.2,0,0,5,0,4,0.5,0.333,0.333,0.9,1.4,15.6,0,0,0,0,0.29,0,56.9,101.6
,Malik Fitts,Bos,F,20,1,2.9,6,15.2,0,0,0,0,0,1,0,0,0,0,1,18.4,0,0,0,0,0,0,,
,Malachi Flynn,Tor,G,23.81,37,10,20.8,17.1,6.8,16,0.625,65,0.462,66,0.288,0.447,0.46,3.4,1.2,6.6,1.2,17.7,0.43,0.08,0.27,6.8,106.7,105
,Bryn Forbes,San,G,28.61,40,16.9,35.2,21.9,9.4,49,0.898,145,0.448,151,0.417,0.539,0.572,9.1,1.6,4.9,1,8.5,0.43,0.08,0.83,5.8,107.1,111.3
,Bryn Forbes,Den,G,28.61,18,20.3,42.2,20.8,8.1,19,0.895,75,0.467,75,0.453,0.573,0.597,10.5,1.1,2.9,1.2,8.7,0.28,0.06,0.78,4.7,111.2,108.3
,Aleem Ford,Orl,F,20,5,14.7,30.6,14.1,16.7,0,0,5,0.8,15,0.133,0.35,0.35,2.8,3,10.9,0.4,3.8,0.2,0,0.8,4.1,67.4,106.1
,Trent Forrest,Uta,G,23.72,48,12.3,25.6,12.6,24.6,36,0.806,95,0.6,18,0.222,0.558,0.602,3.2,1.7,7.7,1.6,17.5,0.54,0.06,0.88,6.7,112.5,106.1
,Evan Fournier,Nyk,G-F,29.34,59,29.7,61.9,21.4,9.6,86,0.698,283,0.47,452,0.396,0.546,0.558,14.6,2.9,5.3,1.9,10.5,0.95,0.27,1.39,5.8,108,108
,De'Aaron Fox,Sac,G,24.2,51,34.7,72.2,28.5,12.1,302,0.748,708,0.521,194,0.268,0.496,0.541,22,3.9,6,5.3,25.3,1.12,0.45,2.8,8.9,106.3,110.2
,Tim Frazier,Orl,G,31.33,10,20,41.6,13,21.7,9,0.556,26,0.269,17,0.353,0.372,0.394,3.7,1.9,5.1,3.3,22.7,0.3,0.1,1.3,5.7,89.1,106.3
,Tim Frazier,Cle,G,31.33,1,4,8.3,22,50,0,0,1,1,0,0,1,1,2,0,0,1,43.8,0,0,1,0,101.5,88.8
,Enes Freedom,Bos,C,29.78,35,11.8,24.5,13.8,15.5,28,0.857,92,0.533,5,0.4,0.536,0.585,3.7,4.6,20.8,0.2,2.8,0.14,0.4,0.57,5.1,121.3,96.7
,Markelle Fultz,Orl,G,23.76,1,15.9,33.1,21.8,12.5,0,0,7,0.714,0,0,0.714,0.714,10,2,6.7,6,78.9,0,0,1,12.4,150.3,115.8
,Wenyen Gabriel,Bro,F,24.93,1,1.3,2.7,0,,0,0,0,0,0,0,,,0,1,41.4,0,0,0,0,0,0,,
,Wenyen Gabriel,Lac,F,24.93,6,7.7,16.1,16.8,16.9,4,0.5,8,0.375,5,0.4,0.462,0.474,2.3,2.3,15.8,0.3,6,0.17,0.33,0.5,6.1,97.6,85.3
,Daniel Gafford,Was,F-C,23.41,51,20.7,43,15.9,12.5,91,0.736,290,0.683,0,0,0.683,0.701,9.1,6,15.9,1,7.7,0.39,1.49,0.92,7.3,135.4,102.5
,Danilo Gallinari,Atl,F,33.56,49,23.8,49.6,18.2,6.2,126,0.905,200,0.445,200,0.39,0.515,0.577,10.7,4.5,10.3,1.4,8,0.47,0.2,0.61,6.8,119.1,110.4
,Langston Galloway,Bro,G,30.23,4,14.6,30.3,13.3,27.8,0,0,5,0.6,8,0.25,0.462,0.462,3,2,7.4,1.3,11.1,0,0,1.25,5.4,79.8,109.5
,Langston Galloway,Mil,G,30.23,3,16.2,33.7,12.4,7.1,0,0,5,0.2,8,0,0.077,0.077,0.7,3.3,10.9,2.3,17.4,0.33,0,0.33,4.3,56,109.3
,Darius Garland,Cle,G,22.09,47,34.6,72.1,26.9,17.8,112,0.911,446,0.547,320,0.378,0.555,0.584,20.3,3.3,5.2,8,38.6,1.19,0.11,3.74,9.4,110.5,106.3
,Marcus Garrett,Mia,G,23.31,12,10.7,22.3,8.7,7.9,5,0.4,17,0.235,4,0.25,0.262,0.28,1.1,1.9,10.1,0.6,7.1,0.42,0.25,0.17,4,89.6,97.6
,Usman Garuba,Hou,F,19.98,15,7,14.5,11.3,10.8,2,0.5,11,0.545,13,0.154,0.375,0.382,1.3,2.3,17.8,0.5,10.5,0.47,0.4,0.2,6.5,99.1,106
,Luka Garza,Det,C,23.18,29,11.7,24.4,20,10.7,42,0.643,83,0.494,41,0.341,0.5,0.53,5.2,3,13.8,0.6,7.6,0.28,0.14,0.59,7.2,111.9,103.6
,Rudy Gay,Uta,F-G,35.54,36,19.8,41.2,19.5,9.7,62,0.79,115,0.504,146,0.342,0.51,0.546,8.8,4.5,12.5,1.1,8.3,0.56,0.33,0.86,7.1,112.5,102.1
,Paul George,Lac,F,31.83,26,35.5,74,34,15.2,117,0.88,339,0.484,217,0.323,0.484,0.528,24.7,7.1,10.5,5.5,26.9,2.04,0.38,4.19,11.1,97.8,102
,Taj Gibson,Nyk,F,36.69,39,18.3,38,9.3,15.2,33,0.758,92,0.565,22,0.364,0.561,0.595,3.9,4.5,13.1,0.6,5.1,0.41,0.82,0.59,4.8,123.1,97.1
,Josh Giddey,Okc,G,19.39,54,31.5,65.6,22.3,19.5,79,0.709,457,0.492,213,0.263,0.461,0.478,12.5,7.8,12.6,6.4,33,0.94,0.37,3.17,10.9,97.4,106.8
,Shai Gilgeous-Alexander,Okc,G-F,23.64,46,34.6,72.1,30.3,10.8,329,0.805,596,0.503,254,0.283,0.48,0.543,23.5,4.8,7,5.6,29.4,1.2,0.78,2.63,9.9,109.2,106.8
,Anthony Gill,Was,F,29.37,27,8.7,18.1,15.3,13.6,31,0.71,44,0.614,12,0.583,0.67,0.696,3.6,1.6,9.8,0.5,8.8,0.15,0.22,0.41,6.5,132.9,99.8
,Freddie Gillespie,Orl,F,20,9,13.2,27.5,11,16.6,7,0.429,21,0.429,1,0,0.409,0.419,2.3,4,16.2,0.6,5.9,0.33,1,0.56,5.4,97.9,98.3
,Rudy Gobert,Uta,C,29.68,46,32.1,66.9,17.1,14.3,298,0.688,363,0.708,2,0,0.704,0.725,15.6,14.8,25.2,1.2,5.4,0.72,2.28,1.8,8.1,137.6,98.7
,Brandon Goodwin,Cle,G,26.41,19,18.5,38.5,19.2,15,21,0.619,74,0.432,47,0.34,0.463,0.48,6.6,2.7,7.9,3.8,30,1.05,0,1.21,8.8,105.3,100.1
,Jordan Goodwin,Was,G,23.35,2,3,6.1,22.6,0,0,0,2,0,1,0,0,0,0,0.5,9.3,0,0,0,0,0,0,,
,Aaron Gordon,Den,F,26.46,56,31.6,65.9,19.4,12.7,157,0.739,416,0.606,195,0.338,0.574,0.601,14.6,5.8,10.1,2.6,12,0.7,0.52,1.77,7.6,115,107.9
,Eric Gordon,Hou,G,33.18,49,29.7,61.8,19.1,14.1,120,0.758,244,0.549,268,0.414,0.587,0.613,14.1,2,3.7,2.9,15.4,0.49,0.37,1.9,5.8,112.3,119.3
,Devonte' Graham,Nor,G,27.02,57,30.4,63.4,20,10.7,115,0.843,207,0.406,459,0.342,0.48,0.514,12.9,2.5,4.5,4.4,21.2,0.89,0.16,1.51,6.9,107.9,112.8
,Jerami Grant,Det,F,27.97,36,32.2,67,26,10.2,197,0.843,353,0.456,194,0.33,0.47,0.537,18.9,4.1,6.9,2.4,12.9,0.97,1.06,2,7.1,105,110.9
,Hassani Gravett,Orl,G,25.62,8,21.4,44.6,12.3,18.5,4,0.75,12,0.583,26,0.423,0.618,0.629,6.3,2.6,6.5,2.5,17,0.63,0.13,1.13,6.4,113,109
,Danny Green,Phi,G,34.69,42,22.8,47.5,12.7,13,10,0.9,38,0.526,192,0.375,0.557,0.565,6.3,2.4,5.8,1,6,0.98,0.69,0.83,4.3,104.4,106.1
,Draymond Green,Gol,F,31.99,34,29.9,62.4,14.4,31.5,67,0.597,159,0.604,42,0.286,0.567,0.581,7.9,7.6,13.7,7.4,33.6,1.38,1.21,3.12,10.2,110,96.4
,Javonte Green,Chi,G-F,28.61,45,24.3,50.7,11.6,8.3,77,0.831,164,0.634,68,0.338,0.597,0.641,7.6,4.3,9.8,1,5.7,0.93,0.56,0.53,5.3,133.5,106.1
,Jalen Green,Hou,G,20.06,45,30.6,63.7,22.7,13.1,156,0.814,288,0.462,286,0.311,0.464,0.514,14.7,3.2,5.6,2.3,11.9,0.69,0.18,2.16,6.2,97.7,116.7
,JaMychal Green,Den,F-C,31.69,48,15.2,31.8,19,14,71,0.873,136,0.61,104,0.288,0.533,0.586,6.6,3.8,14,0.8,7.8,0.71,0.44,0.92,7.2,112.1,94.9
,Jeff Green,Den,F,35.51,57,24.4,50.8,17,10.4,147,0.83,279,0.602,137,0.314,0.559,0.611,10.3,3.2,7.2,1.3,7.4,0.35,0.39,0.98,5.7,116.3,106.1
,Josh Green,Dal,G,21.29,46,14.3,29.8,13.4,11.2,35,0.714,120,0.575,39,0.308,0.547,0.571,4.3,2.2,8.4,1.3,12.8,0.63,0.2,0.48,6.5,118.9,97.9
,Blake Griffin,Bro,F,32.96,50,17.8,37,16.9,7.4,72,0.722,159,0.566,133,0.241,0.473,0.507,6.6,4.2,12.8,1.9,15,0.52,0.26,0.52,8.4,114.2,104.9
,Quentin Grimes,Nyk,G,21.81,40,17.4,36.3,15.2,10.4,17,0.647,43,0.512,166,0.398,0.579,0.584,6.3,1.9,5.9,1,8.4,0.65,0.25,0.63,5.3,113.9,106
,Kyle Guy,Mia,G,24.55,16,11.2,23.2,19.7,16.4,12,0.667,25,0.48,36,0.389,0.541,0.558,4.6,0.8,4.1,1.1,14.3,0.44,0.06,0.81,5.7,101.9,105.8
,Rui Hachimura,Was,F,24.06,20,18.6,38.8,20.7,8.7,30,0.767,102,0.451,43,0.488,0.534,0.563,8.9,3.1,9,1.1,8.7,0.6,0.25,0.75,6.7,108.2,109.4
,Tyrese Haliburton,Sac,G,22,51,34.4,71.8,18.2,15.4,104,0.837,334,0.491,252,0.413,0.546,0.575,14.3,3.9,6.1,7.4,31.2,1.69,0.67,2.25,8.7,117,114.1
,Tyrese Haliburton,Ind,G,22,7,37.9,79,21.2,19.9,26,0.846,46,0.587,47,0.468,0.645,0.68,20.3,4.4,6.5,10.1,40.7,2,0.29,3.71,10.2,126.3,111.9
,Tyler Hall,Nyk,G,24.93,1,1.9,4,0,,0,0,0,0,0,0,,,0,0,0,0,0,0,0,0,0,,
,R.J. Hampton,Orl,G,21.06,44,19.4,40.5,19.8,15,85,0.612,183,0.399,113,0.372,0.459,0.486,7.4,2.9,8,2.4,19,0.68,0.23,1.34,7.7,95.2,108.5
,Tim Hardaway Jr.,Dal,G-F,29.96,42,29.6,61.8,22,5.6,103,0.757,226,0.473,304,0.336,0.491,0.52,14.2,3.7,6.9,2.2,11.5,0.9,0.14,0.81,6.6,106.5,105.2
,James Harden,Bro,G,32.51,44,37,77.1,28.3,19.8,350,0.869,399,0.476,307,0.332,0.486,0.576,22.5,8,11.6,10.2,40.6,1.27,0.7,4.82,13.2,111.3,107.7
,James Harden,Phi,G,32.51,2,37.2,77.5,23.8,12.7,19,0.947,12,0.583,14,0.571,0.731,0.815,28,9,13.4,14,61.4,2.5,0,2.5,16.4,162,96.7
,Maurice Harkless,Sac,F-G,28.81,43,19.6,40.8,11.3,13,28,0.714,80,0.65,101,0.307,0.544,0.561,5,2.5,6.9,0.5,3.5,0.63,0.56,0.67,3.8,102.4,109.6
,Jared Harper,Nor,G,24.46,2,5.3,10.9,32.9,12.5,0,0,5,0.4,2,0.5,0.5,0.5,3.5,0.5,5.2,1.5,54.3,0,0.5,0.5,10.4,109.5,100.1
,Montrezl Harrell,Was,F-C,28.09,46,24.3,50.6,20.8,9.6,205,0.727,368,0.66,15,0.267,0.65,0.684,14.1,6.7,15.1,2.1,14.2,0.39,0.67,1.09,9.6,135.3,106.8
,Montrezl Harrell,Cha,F-C,28.09,7,28.6,59.5,18.9,8.9,40,0.65,63,0.603,1,0,0.594,0.625,14.6,6.9,12.5,2,10.3,0.43,0.71,1.14,8.2,126.8,106.6
,Gary Harris,Orl,G,27.46,54,29.2,60.8,16.4,9.4,85,0.859,233,0.506,270,0.381,0.542,0.572,11.4,2.1,3.8,1.9,9.8,0.93,0.15,1.04,4.9,110.7,112.2
,Joe Harris,Bro,G-F,30.48,14,30.2,62.9,14.5,11.2,6,0.833,36,0.417,88,0.466,0.617,0.624,11.3,4,7.1,1,4.6,0.5,0.14,1.14,4.7,111.6,109.9
,Shaquille Harrison,Bro,G,28.4,2,11.3,23.5,15.2,25,0,0,4,0.5,2,0,0.333,0.333,2,2,9.5,1.5,17.3,0.5,0.5,1,6.4,75,101.2
,Tobias Harris,Phi,F,29.63,51,35.2,73.4,23,9.6,172,0.855,579,0.52,176,0.347,0.52,0.561,18.3,7.2,11.3,3.6,16.8,0.61,0.65,1.73,8.9,112,106.9
,Isaiah Hartenstein,Lac,C-F,23.82,49,16.2,33.8,19,16.5,87,0.632,240,0.633,10,0.4,0.632,0.643,7.6,4.4,14.3,1.9,18.6,0.71,1.16,1.16,9.9,122.5,93.9
,Josh Hart,Nor,G,26.99,41,33.5,69.8,16.8,15.1,154,0.753,256,0.598,130,0.323,0.56,0.604,13.4,7.8,12.8,4.1,18.3,1.1,0.27,1.98,9,117.5,104.7
,Josh Hart,Por,G,26.99,5,33.5,69.8,23.2,19,21,0.762,32,0.719,31,0.355,0.627,0.658,19,5.4,8.8,4.2,20.7,1,0.4,3.4,9,113.9,108.5
,Udonis Haslem,Mia,F,41.72,9,6.3,13.1,20.5,11.4,3,1,20,0.5,2,0.5,0.523,0.557,2.9,2,17.8,0.3,8.5,0.11,0.11,0.33,7.6,109.8,86.8
,Sam Hauser,Bos,F,24.23,13,4.8,10,15.5,4.5,0,0,0,0,21,0.381,0.571,0.571,1.8,0.6,6.9,0.3,9.3,0.08,0.08,0.08,5.7,117.9,104.9
,Jaxson Hayes,Nor,C-F,21.77,49,17.3,36.1,17.4,10.8,124,0.766,222,0.694,28,0.286,0.664,0.701,8.7,4.1,13,0.5,4.6,0.43,0.76,0.76,6,133,100.8
,Killian Hayes,Det,G,20.6,49,24.4,50.9,14.9,20.1,52,0.788,192,0.422,118,0.263,0.411,0.445,6,3,6.5,4.1,24.8,1.04,0.51,1.71,6.9,93.9,106.1
,Gordon Hayward,Cha,F,31.94,48,32.2,67.1,20.6,10.6,149,0.846,393,0.499,218,0.39,0.529,0.571,16.1,4.6,7.5,3.6,16.3,0.96,0.46,1.67,8,113.1,111.8
,Aaron Henry,Phi,F,22.5,6,2.8,5.9,18.5,28.6,0,0,4,0.25,1,0,0.2,0.2,0.3,0.2,3.3,0,0,0,0.33,0.33,0,,
,Juancho Hernangomez,Bos,F,26.42,18,5.3,11.1,17,16.2,9,0.667,9,0.222,18,0.167,0.241,0.307,1.1,1.4,13.9,0.2,4.1,0.22,0.11,0.33,5.1,74.4,100.6
,Juancho Hernangomez,San,F,26.42,5,10.1,21.1,8.2,20.5,4,0.75,3,0.667,3,0,0.333,0.451,1.4,3,15.6,0.6,6.9,0.2,0.2,0.4,5.4,105.6,114.5
,Juancho Hernangomez,Uta,F,26.42,2,2.6,5.3,17.1,50,0,0,0,0,1,1,1.5,1.5,1.5,0,0,0,0,0,0,0.5,0,,
,Willy Hernangomez,Nor,C-F,27.76,32,16.1,33.5,22.5,11.2,85,0.741,194,0.536,7,0.429,0.54,0.587,8.8,6.8,23.2,1.3,12.9,0.38,0.34,0.94,10.6,122.8,100.3
,Tyler Herro,Mia,G,22.11,49,32.6,68,29,12.7,156,0.853,515,0.47,331,0.378,0.508,0.542,20.2,4.8,8.4,3.9,20.5,0.65,0.16,2.71,8.9,104,107.3
,Buddy Hield,Sac,G,29.2,55,28.6,59.6,22.4,10.9,92,0.87,198,0.419,495,0.368,0.514,0.54,14.4,4,7.6,1.9,9.9,0.87,0.27,1.64,6.7,103.5,111.2
,Buddy Hield,Ind,G,29.2,7,38.7,80.7,21.1,9,9,0.889,55,0.618,62,0.387,0.598,0.612,21.1,5.4,7.8,5,20.6,0.71,0.43,1.71,8.6,120.6,112
,Haywood Highsmith,Mia,F,25.22,7,10.7,22.2,13.6,4.4,2,0,6,0.333,15,0.4,0.524,0.503,3.1,1.3,6.8,0,0,0,0.14,0.14,0,102,106.3
,George Hill,Mil,G,35.83,41,25.5,53,12,12,50,0.96,117,0.556,117,0.316,0.515,0.564,7,3.2,6.7,2.5,12.9,0.8,0.15,0.85,6,119.4,109.2
,Malcolm Hill,Atl,F,26.35,3,15.3,31.9,9.3,0,4,1,3,0.667,5,0.6,0.813,0.871,5.7,2,7.1,0.3,2.9,1.33,0.33,0,3.9,183.3,98.3
,Malcolm Hill,Chi,F,26.35,14,10.8,22.5,13.8,4.2,10,0.7,12,0.667,29,0.345,0.561,0.584,3.8,1.9,9.6,0.3,3.5,0.14,0.14,0.14,4.8,124.3,106.4
,Solomon Hill,Atl,F,30.95,13,10.7,22.3,6.6,4.8,0,0,7,0.143,13,0.154,0.2,0.2,0.6,1.8,9,0.9,10.3,0.31,0.15,0.08,3.7,87.3,105.3
,Nate Hinton,Ind,G-F,22.73,2,1.2,2.5,35.9,50,0,0,1,0,0,0,0,0,0,0,0,0,0,0,0,0.5,0,,
,Jaylen Hoard,Okc,F,22.92,1,1.8,3.8,24,0,0,0,1,0,0,0,0,0,0,2,56.6,0,0,0,0,0,0,,
,Aaron Holiday,Was,G,25.41,41,16.2,33.7,18,14.5,35,0.8,147,0.524,67,0.343,0.521,0.547,6.1,1.6,5.5,1.9,17.4,0.59,0.22,0.95,6.5,104.9,107.4
,Aaron Holiday,Pho,G,25.41,5,17.1,35.7,17.6,20.1,2,0.5,19,0.526,8,0.75,0.704,0.699,7.8,1.8,5.6,3.2,26.3,0.6,0,1.4,8.3,121.5,104.3
,Jrue Holiday,Mil,G,31.72,49,33,68.7,23.3,15.2,126,0.746,467,0.555,224,0.415,0.577,0.597,18.2,4.7,7.4,6.6,31.7,1.43,0.49,2.73,10,117.2,107.3
,Justin Holiday,Ind,F-G,32.9,49,28.9,60.2,16,9.3,41,0.829,122,0.516,336,0.378,0.553,0.568,11,2.8,5.3,1.8,9,0.73,0.37,1,5.3,110.9,111.6
,Justin Holiday,Sac,F-G,32.9,7,29.8,62.2,15.3,12.1,6,0.833,17,0.294,46,0.37,0.484,0.503,9.4,2,3.6,2,9.1,1,0.71,1.29,4.5,99.9,110.9
,Richaun Holmes,Sac,F,28.38,41,24.7,51.4,15.9,14.6,87,0.77,279,0.674,5,0.4,0.673,0.697,11,7.4,16.1,1.1,6.9,0.41,0.98,1.34,7.2,128.2,104.2
,Rodney Hood,Mil,G-F,29.36,39,14.9,31.1,10.6,4.9,14,0.929,51,0.431,80,0.3,0.443,0.47,3.3,1.7,6.1,0.8,6.7,0.31,0.1,0.18,4.4,106.8,110.7
,Rodney Hood,Lac,G-F,29.36,2,6.9,14.4,3.2,0,0,0,1,0,0,0,0,0,0,0.5,3.8,0.5,8.8,0,0,0,0,55.2,116.8
,Scotty Hopson,Okc,G-F,32.57,1,17.7,36.9,14.7,33.3,0,0,3,0.667,1,0,0.5,0.5,4,1,2.9,1,8.5,0,0,2,3.6,69.4,112.3
,Al Horford,Bos,C-F,35.74,53,28.5,59.4,15.7,10,79,0.835,242,0.574,208,0.303,0.519,0.55,10.1,7.6,14.2,3.4,17.2,0.58,1.34,1.02,9,119,101.2
,Talen Horton-Tucker,Lal,G,21.26,44,25.9,54,18.2,13.3,83,0.795,247,0.486,135,0.281,0.463,0.502,9.5,3.3,6.8,2.7,14.6,0.93,0.55,1.45,6.8,100.6,105.1
,Danuel House Jr.,Hou,F-G,28.73,16,14.5,30.3,18.3,17.9,19,0.895,40,0.375,34,0.294,0.405,0.467,4.8,2.7,10.1,1.2,11.7,0.31,0.31,1.13,6.9,89.1,112.6
,Danuel House Jr.,Nyk,F-G,28.73,1,3.4,7.1,12.9,0,0,0,0,0,1,0,0,0,0,0,0,0,0,0,0,0,0,,
,Danuel House Jr.,Uta,F-G,28.73,11,18.5,38.6,13.7,7.8,18,0.722,18,0.611,33,0.455,0.657,0.679,7.3,2.5,7.2,1.2,8.9,0.55,0.45,0.45,6,136.9,105.6
,Dwight Howard,Lal,C-F,36.23,44,14.9,31,14.5,16.8,92,0.63,134,0.597,9,0.667,0.622,0.643,5.4,5.8,20.7,0.5,5.1,0.66,0.66,0.84,6.7,125.8,96.4
,Markus Howard,Den,G,23,24,5.8,12.2,28.2,6.7,15,0.867,21,0.238,56,0.411,0.513,0.55,3.8,0.3,2.8,0.3,6.6,0.29,0,0.25,4.8,103.8,106.3
,Kevin Huerter,Atl,G-F,23.51,53,29.1,60.7,17.1,11.1,37,0.811,250,0.552,272,0.379,0.56,0.571,11.6,3.2,6,2.8,13.6,0.62,0.34,1.26,6.5,111.3,110.4
,Jay Huff,Lal,C,24.52,4,5.1,10.6,8.5,25,0,0,1,0,2,0,0,0,0,1,10.4,0.3,5.8,0.25,0.25,0.25,0,33.8,108.3
,Elijah Hughes,Uta,G,23.98,14,8,16.7,17.2,15.8,3,1,8,0.625,28,0.357,0.556,0.576,3.1,1.2,8.3,0.4,7.5,0.29,0.07,0.5,5.7,104.6,106.1
,Elijah Hughes,Por,G,23.98,5,12.4,25.9,19.6,7.1,0,0,9,0.444,17,0.176,0.327,0.327,3.4,2.4,10.5,0.8,9.2,0.2,0.4,0.4,6,75.7,104.4
,De'Andre Hunter,Atl,F-G,24.24,32,28.9,60.2,19.9,10,90,0.722,223,0.471,116,0.379,0.504,0.538,12.7,3.3,6.3,1.3,6.2,0.63,0.34,1.31,5.2,103.2,107.4
,Chandler Hutchison,Pho,F-G,25.84,6,3.7,7.8,13.3,58.1,2,1,2,0.5,0,0,0.5,0.694,0.7,0.8,11.9,0.3,10.5,0,0,0.67,6,,
,Bones Hyland,Den,G,21.46,49,17.6,36.7,24,12.5,63,0.873,146,0.404,239,0.343,0.473,0.508,8.6,2.7,8.4,2,16.6,0.47,0.27,1.2,8.2,98.5,100.7
,Serge Ibaka,Lac,F,32.45,35,15.4,32.1,19.4,13.9,29,0.69,130,0.538,62,0.387,0.552,0.567,6.6,4.3,14.6,1,10.3,0.2,0.74,0.94,7.9,108.6,100.2
,Serge Ibaka,Mil,F,32.45,5,21.9,45.7,12,9.8,4,0.75,15,0.6,11,0.273,0.519,0.54,6,5.8,13.9,0.6,3.7,0.2,0.4,0.6,5,105.2,93.1
,Andre Iguodala,Gol,G-F,38.09,26,19.9,41.5,11.1,17.4,16,0.813,41,0.634,61,0.23,0.461,0.491,4.1,3.3,9,3.8,25.1,0.85,0.81,0.88,7.5,116.9,104.2
,Joe Ingles,Uta,F-G,34.41,45,24.9,51.9,13.2,13.5,22,0.773,60,0.617,225,0.347,0.54,0.551,7.2,2.9,6.4,3.5,18.9,0.51,0.11,1.02,6.7,116.7,106.7
,Brandon Ingram,Nor,F,24.49,47,34.3,71.4,29.2,11.3,256,0.813,650,0.488,202,0.327,0.488,0.539,22.1,5.7,9.1,5.4,27.7,0.66,0.47,2.62,10.3,108.8,109.5
,Kyrie Irving,Bro,G,29.94,15,36.4,75.8,29.2,9.7,62,0.919,206,0.505,101,0.366,0.52,0.562,25.1,4.7,7,5.3,24.5,1.13,0.6,2.4,9.4,111.4,109.8
,Wes Iwundu,Atl,F,27.2,3,27.4,57.1,11,4.8,4,0.75,13,0.385,5,0.6,0.528,0.557,7.3,4.3,8.6,0,0,0.33,0,0.33,0,114.9,108.3
,Jaren Jackson Jr.,Mem,F-C,22.46,62,27.7,57.8,25.5,9.9,276,0.801,510,0.478,329,0.316,0.477,0.532,16.5,6,11.4,1.1,5.6,0.98,2.23,1.69,6.9,107.4,99.4
,Frank Jackson,Det,G,23.83,43,22.5,46.9,20.7,7,78,0.795,164,0.543,238,0.319,0.505,0.536,10.9,1.6,3.8,1,7,0.51,0.21,0.77,4.6,105.4,112.3
,Isaiah Jackson,Ind,F,20.14,23,11,23,23.7,12.9,49,0.653,91,0.593,9,0.333,0.585,0.613,6.5,3,15.2,0.3,4.5,0.48,1.09,0.78,6.6,115.4,95.5
,Josh Jackson,Det,G-F,25.05,39,18.1,37.8,18.9,12.1,56,0.714,138,0.529,113,0.265,0.47,0.501,7.1,3.2,9.4,1.3,11,0.54,0.46,0.97,6.8,97.5,106.5
,Josh Jackson,Sac,G-F,25.05,2,2.5,5.1,34.9,25,0,0,0,0,3,0,0,0,0,0,0,0,0,0,0.5,0.5,0,,
,Justin Jackson,Bos,F,26.93,1,2,4.2,41.3,0,2,1,1,0,0,0,0,0.532,2,0,0,0,0,0,0,0,0,,
,Justin Jackson,Pho,F,26.93,6,5.8,12,18.8,6.7,0,0,5,0.4,9,0.333,0.464,0.464,2.2,1.2,10.8,0.3,7.7,0,0,0.17,6.4,96.4,102.2
,Reggie Jackson,Lac,G,31.87,59,31,64.6,27.2,11.8,130,0.831,534,0.449,408,0.326,0.467,0.494,16.7,3.5,6,4.6,23.9,0.71,0.17,2.27,8.3,98.7,107.6
,LeBron James,Lal,F,37.17,43,36.7,76.5,31.6,12.4,243,0.757,574,0.618,335,0.349,0.584,0.613,29,7.9,11.4,6.3,31.4,1.58,1,3.35,12.3,116.2,106.4
,DeJon Jarreau,Ind,G,24.1,1,0.9,1.9,0,,0,0,0,0,0,0,,,0,0,0,0,0,0,0,0,0,,
,DaQuan Jeffries,Mem,G-F,24.5,3,2.9,6.1,9.4,0,0,0,1,1,1,0,0.5,0.5,0.7,0.7,11.9,0.3,14.6,0,0,0,7.3,,
,Ty Jerome,Okc,G-F,24.65,48,16.7,34.8,20.8,9.6,47,0.809,142,0.493,186,0.29,0.46,0.488,7.1,1.6,5,2.3,21.7,0.63,0.1,0.77,7.1,103,105.6
,Isaiah Joe,Phi,G,22.66,42,12.1,25.1,15.1,8.8,21,0.952,34,0.441,112,0.339,0.493,0.528,3.9,1.1,5.1,0.7,8.1,0.26,0.05,0.36,4.8,104.5,107.3
,Alize Johnson,Chi,F,25.86,16,7.5,15.7,12.4,23.5,7,0.571,21,0.571,2,0,0.522,0.537,1.8,2.3,16.6,0.5,8.6,0.19,0,0.5,6.8,112.6,101.5
,Alize Johnson,Was,F,25.86,3,6.1,12.6,23,31.8,1,0,4,0.5,2,0,0.333,0.311,1.3,4,36.1,0,0,0,0,1,0,73.2,110.9
,BJ Johnson,Orl,F,26.19,4,16.2,33.6,16.7,0,0,0,15,0.467,10,0.4,0.52,0.52,6.5,3.8,12.4,0,0,0,0.25,0,0,113.4,111.7
,Cameron Johnson,Pho,F,25.99,58,26.3,54.8,17,6,90,0.867,187,0.524,338,0.432,0.604,0.631,12.3,4.1,8.4,1.5,7.6,0.83,0.24,0.62,6.4,124.3,103.8
,David Johnson,Tor,G,21.01,2,1,2.1,21.4,0,0,0,0,0,1,0,0,0,0,0,0,0,0,0,0,0,0,,
,James Johnson,Bro,F,35.03,46,19.8,41.3,14.5,12.1,42,0.524,184,0.543,67,0.254,0.5,0.507,5.9,3.6,9.8,2.1,14.5,0.5,0.43,0.8,7.2,107.9,102.6
,Jalen Johnson,Atl,F,20.2,15,4.5,9.4,18.6,14,6,0.667,14,0.571,8,0.375,0.568,0.588,1.9,1.1,13.8,0.1,2.1,0,0.07,0.27,5.3,99.5,111.3
,Joe Johnson,Bos,G-F,40.68,1,2,4.2,22,0,0,0,1,1,0,0,1,1,2,0,0,0,0,0,0,0,0,,
,Keldon Johnson,San,F-G,22.39,57,31.5,65.7,20.4,8.3,164,0.756,459,0.488,263,0.422,0.541,0.57,15.9,6,10,1.8,8,0.77,0.14,1.26,7.1,111.6,109.5
,Keon Johnson,Lac,G,19.98,15,9,18.7,21.9,10.4,21,0.762,40,0.35,11,0.273,0.363,0.44,3.5,1.4,8.2,0.9,13.8,0.47,0.13,0.47,7.3,95.3,95.4
,Keon Johnson,Por,G,19.98,2,21.7,45.1,18,16.8,2,1,11,0.273,3,0,0.214,0.269,4,4,10.1,0.5,3.1,1,0.5,1.5,3.7,55.1,111.7
,Stanley Johnson,Lal,F-G,25.75,26,21.3,44.4,12,8.4,33,0.697,75,0.587,52,0.308,0.535,0.562,6.1,3,7.6,1.4,9.1,0.69,0.38,0.5,5.5,116.5,102.4
,Tyler Johnson,Phi,G,29.81,3,12.7,26.5,13,9.1,0,0,3,0.333,7,0.429,0.55,0.55,3.7,2,8.7,0.7,7.4,0.33,0.33,0.33,5.4,108.9,102.4
,Tyler Johnson,San,G,29.81,3,17.7,36.9,8.7,9.1,0,0,4,0,6,0.333,0.3,0.3,2,2,5.9,1.7,10.9,0.67,0.67,0.33,4.3,88.4,111.5
,Nikola Jokic,Den,C,27.03,55,33,68.7,31.1,15.8,309,0.806,706,0.635,236,0.364,0.613,0.651,25.5,13.8,23.2,8,43.6,1.35,0.73,3.67,17.1,125.2,99.3
,Derrick Jones Jr.,Chi,F,25.04,37,17.7,36.9,12.6,10.1,55,0.8,103,0.621,42,0.381,0.607,0.65,5.9,3.5,10.9,0.5,4.1,0.43,0.7,0.51,4.9,131,101.7
,Carlik Jones,Dal,G,24.19,3,6.4,13.3,25.4,27.6,2,1,6,0,1,0,0,0.127,0.7,1,8.6,1.7,32.1,0.33,0,1,6.6,51.5,110.8
,Carlik Jones,Den,G,24.19,2,2,4.2,22,0,0,0,2,0.5,0,0,0.5,0.5,1,0,0,0,0,0,0,0,0,,
,Damian Jones,Sac,C,26.67,40,15,31.3,15.6,17.3,70,0.743,136,0.669,15,0.333,0.652,0.685,6.2,3.8,13.7,1.1,10.5,0.28,0.7,0.95,7.9,126.4,103.1
,Herbert Jones,Nor,F,23.4,58,30,62.5,13.6,13.3,115,0.861,316,0.532,110,0.345,0.528,0.576,9.5,3.9,7.3,2.1,10.1,1.5,0.84,1.26,5.7,114.7,104.5
,Jemerrio Jones,Lal,F,26.89,2,7.4,15.3,8.8,0,0,0,3,0.667,0,0,0.667,0.667,2,1.5,10.8,0,0,0.5,0,0,0,155.5,100.3
,Kai Jones,Cha,C-F,21.11,18,3.1,6.4,17.3,26.6,8,0.375,11,0.636,2,0.5,0.654,0.605,1.1,0.6,10.4,0.2,10.1,0.06,0,0.33,6.6,,
,Mason Jones,Lal,G,23.61,2,4.4,9.2,48.3,10.1,2,0.5,6,0.333,2,0,0.25,0.282,2.5,1,12,0,0,0.5,0,0.5,0,60.1,98.6
,Tre Jones,San,G,22.14,49,14,29.1,15.5,11.9,49,0.878,178,0.556,22,0.136,0.518,0.564,5.1,1.9,7.1,2.6,25,0.47,0,0.61,8.4,120.4,109.3
,Tyus Jones,Mem,G,25.81,56,20.5,42.7,16.3,8.4,47,0.872,252,0.52,144,0.354,0.524,0.547,8.1,2.4,6.1,4.1,27.4,0.91,0.04,0.68,8.4,123.5,111.6
,DeAndre Jordan,Lal,C,33.61,32,12.8,26.6,12.8,17.3,26,0.462,89,0.674,0,0,0.674,0.657,4.1,5.4,22.3,0.4,4.6,0.31,0.81,0.66,6.5,124.6,97.3
,Cory Joseph,Det,G,30.53,50,24.5,51.1,14.6,16.9,85,0.859,194,0.464,118,0.424,0.529,0.577,8.1,2.6,5.7,3.8,23.6,0.66,0.28,1.42,7,113.4,109.9
,Georgios Kalaitzakis,Mil,F,23.16,9,5.3,11.1,17,21.1,9,0.444,7,0.429,4,0.5,0.545,0.535,1.8,0.9,8.8,0,0,0.11,0.11,0.44,0,93.6,97.7
,Frank Kaminsky,Pho,F-C,28.91,9,20.1,41.9,19,6.3,20,0.9,51,0.608,15,0.333,0.583,0.635,10.6,4.6,12,1.4,10.3,0.89,0.78,0.56,8.1,130.8,100.7
,Luke Kennard,Lac,G,25.68,52,27.8,57.9,16.4,8.3,54,0.87,152,0.447,321,0.445,0.597,0.616,11.8,3.5,6.6,2.2,11.8,0.65,0.1,0.87,6.5,118.4,107.7
,Braxton Key,Phi,F,25.04,2,3.2,6.7,28.1,50,0,0,1,1,1,0,0.5,0.5,1,1,17.3,0.5,23.7,0.5,0,1,9.9,,
,George King,Dal,F-G,28.12,4,4.8,10,16.1,14.5,2,0.5,1,0,4,0,0,0.085,0.3,1.3,14.3,0,0,0,0,0.25,0,16.6,86.3
,Louis King,Sac,F,22.9,10,10.4,21.6,21.2,0,10,0.7,20,0.35,27,0.296,0.404,0.438,4.5,1.2,6.2,0.9,12.4,0.2,0.1,0,6.5,100.3,105
,Corey Kispert,Was,F,23,55,20.3,42.3,14.8,9.1,45,0.889,130,0.592,188,0.319,0.525,0.554,6.8,2.6,7.1,1,6.9,0.38,0.29,0.62,5.1,110.6,112.6
,Maxi Kleber,Dal,F,30.09,44,25.1,52.3,13.2,9.8,49,0.755,73,0.589,199,0.362,0.555,0.577,7.7,5.9,13,1.2,6.5,0.55,1.07,0.73,6,116.8,100.3
,Brandon Knight,Dal,G,30.25,3,18.2,37.8,22.7,14.5,8,1,7,0.714,13,0.308,0.55,0.638,10,2.3,7.1,2.7,22.7,0.33,0,1.33,8.7,120.2,102
,Nathan Knight,Min,F-C,24.44,28,6.9,14.4,19,13.7,45,0.711,48,0.521,8,0.25,0.5,0.58,3.1,2.1,16.1,0.5,10.2,0.14,0.25,0.43,8.6,119.4,98.8
,Kevin Knox II,Nyk,F,22.55,13,8.5,17.8,19.5,10.1,10,0.7,12,0.417,28,0.357,0.5,0.529,3.6,1.7,10.6,0.2,4.2,0.15,0.08,0.38,5,106.9,110.6
,Kevin Knox II,Atl,F,22.55,10,6.9,14.3,17.6,7.2,6,0.667,11,0.545,12,0.083,0.326,0.371,1.9,1.3,10.3,0.5,9.6,0.1,0,0.2,6.2,88.3,106.9
,John Konchar,Mem,G,25.94,54,18.4,38.3,9.6,9.5,39,0.59,94,0.574,98,0.418,0.602,0.607,4.7,4.4,12.6,1.4,9.4,0.67,0.3,0.41,6.7,130.5,104.7
,Furkan Korkmaz,Phi,G-F,24.6,53,23.6,49.3,17.7,8.9,76,0.816,184,0.516,232,0.297,0.477,0.511,8.7,2.9,6.9,2.2,13.8,0.58,0.13,0.83,6.5,104.6,110.2
,Luke Kornet,Cle,F-C,26.63,2,7.5,15.5,18.7,0,3,0.667,4,0.25,1,0,0.2,0.316,2,1.5,11,0.5,8.9,0,0.5,0,6.1,96.6,106.7
,Luke Kornet,Mil,F-C,26.63,1,3,6.3,14.3,0,0,0,1,0,0,0,0,0,0,1,17.5,0,0,0,0,0,0,,
,Luke Kornet,Bos,F-C,26.63,3,5.3,11.1,8.2,0,0,0,2,0,1,0,0,0,0,1,10,0.3,7.6,0.67,0,0,0,22.8,96
,Vit Krejci,Okc,G,21.7,9,11.1,23,12.5,13.9,4,1,10,0.7,13,0.154,0.435,0.485,2.7,1.6,7.2,0.8,10.2,0.22,0,0.44,5.4,97.8,103
,Arnoldas Kulboka,Cha,F,24.15,1,2.7,5.6,0,,0,0,0,0,0,0,,,0,0,0,0,0,0,0,0,0,,
,Jonathan Kuminga,Gol,F,19.4,49,14.8,30.8,23.2,12.9,124,0.677,190,0.595,92,0.326,0.56,0.594,8.2,2.9,10.8,0.7,7.3,0.43,0.29,1.02,6.9,108.4,94.7
,Kyle Kuzma,Was,F,26.6,57,33.5,69.8,23.5,13.6,183,0.71,472,0.528,321,0.352,0.528,0.554,17,8.8,14.4,3.1,14.7,0.68,0.86,2.42,9.2,104.2,108
,Anthony Lamb,San,F,24.11,2,3.9,8,11,0,0,0,0,0,2,0,0,0,0,0.5,6.8,1,28.8,0,0,0,0,,
,Jeremy Lamb,Ind,G-F,29.75,39,15.7,32.8,20.2,8.4,80,0.838,111,0.414,117,0.333,0.458,0.524,7.1,2.4,8.5,1.3,11.8,0.59,0.36,0.62,7.2,109.9,109.7
,Jeremy Lamb,Sac,G-F,29.75,4,24.8,51.6,18.9,9.1,11,0.909,17,0.412,18,0.333,0.457,0.527,10.5,5,10.9,2.8,15.6,0.5,1.25,1,8.5,110,112.9
,Jock Landale,San,C,26.35,38,10.3,21.6,19.2,14.6,28,0.857,77,0.61,63,0.333,0.561,0.594,4.8,2.2,11,0.9,11.8,0.18,0.32,0.68,8.2,116.4,107.2
,Romeo Langford,Bos,G-F,22.35,44,16.6,34.5,13,7.4,34,0.588,101,0.495,83,0.349,0.508,0.52,4.7,2.4,7.6,0.4,3.7,0.48,0.36,0.36,4,107.6,104.5
,Zach LaVine,Chi,G-F,26.98,50,34.6,72.1,29.2,11.8,246,0.87,548,0.535,357,0.398,0.559,0.605,24.5,4.8,7.8,4.5,20.7,0.6,0.36,2.72,9.4,113.4,110.9
,Jake Layman,Min,F,27.98,24,7.2,15,14.9,11.4,8,0.75,25,0.6,26,0.154,0.412,0.44,2,1,7.3,0.3,5.5,0.25,0.17,0.29,4.7,89.3,111.6
,Damion Lee,Gol,G-F,29.36,49,20.2,42.1,15.9,8.6,48,0.854,153,0.536,157,0.369,0.545,0.572,7.7,3.1,8.3,1,6.8,0.67,0.1,0.63,5.7,111,102.3
,Saben Lee,Det,G,22.69,28,14.6,30.3,17.4,15.1,43,0.767,78,0.436,44,0.273,0.426,0.486,4.9,2.4,8.7,2.3,23.6,0.93,0.36,0.89,8.2,102.3,109.4
,Alex Len,Sac,C,28.71,34,16.5,34.5,17,18.3,58,0.638,138,0.558,19,0.316,0.548,0.573,6.1,4.5,14.7,1.2,10.5,0.35,0.74,1.21,7.8,108.6,100.2
,Caris LeVert,Ind,G,27.52,39,31.1,64.8,27,9.9,146,0.76,433,0.501,189,0.323,0.496,0.53,18.7,3.8,6.8,4.4,23.3,0.9,0.46,1.92,8.7,108.5,110.8
,Caris LeVert,Cle,G,27.52,4,31,64.5,23.4,9.1,4,0.75,44,0.432,14,0.286,0.431,0.443,13.3,1.5,2.6,3.8,19.1,1.5,0.25,1.5,5.5,93.4,106
,Kira Lewis Jr.,Nor,G,20.9,24,14.2,29.6,22.4,14.7,12,0.833,88,0.523,58,0.224,0.449,0.466,5.9,1.6,6.3,2,22.5,0.46,0.04,1.08,7.5,94.9,111.6
,Scottie Lewis,Cha,G,21.97,2,3.3,6.9,5.6,0,2,0.5,0,0,0,0,,0.568,0.5,0,0,0.5,17.4,0.5,0,0,0,,
,Damian Lillard,Por,G,31.63,29,36.4,75.9,29.4,11.6,181,0.878,268,0.485,284,0.324,0.486,0.55,24,4.1,6.2,7.3,33.6,0.59,0.38,2.86,9.8,112.7,116.6
,Nassir Little,Por,F-G,22.05,42,25.9,54,15.8,10.1,94,0.734,161,0.584,154,0.331,0.541,0.575,9.8,5.6,11.8,1.3,7.3,0.6,0.86,0.95,6.4,115.7,109.9
,Isaiah Livers,Det,F,23.59,2,9,18.6,21.5,11.1,0,0,2,0,6,0.333,0.375,0.375,3,1,6,0.5,8.4,0.5,0.5,0.5,5.1,85.2,107.9
,Kevon Looney,Gol,F,26.06,61,21.4,44.6,13.2,14.2,106,0.613,291,0.56,1,0,0.558,0.577,6.4,7.6,19.2,1.8,11.7,0.64,0.72,0.92,8.3,126,93.4
,Brook Lopez,Mil,C,33.91,1,28.2,58.8,13.7,0,0,0,5,0.2,4,0.5,0.444,0.444,8,5,9.3,0,0,1,3,0,0,104.6,102.5
,Robin Lopez,Orl,C,33.91,27,17.3,36,19.9,16.8,40,0.575,156,0.577,5,0.4,0.578,0.585,7.7,3.6,11.1,1.6,15.8,0.04,0.59,1.33,8.2,112.2,107.4
,Didi Louzada,Nor,G,20,2,3.5,7.2,18.8,0,0,0,0,0,3,0,0,0,0,1,16,0.5,17.9,0,0,0,0,,
,Kevin Love,Cle,F-C,33.48,53,22.1,46.1,26.5,9.8,169,0.858,222,0.468,340,0.388,0.537,0.589,14.1,7.2,17.8,2.2,15.8,0.36,0.25,1.3,11,117.1,101
,Kyle Lowry,Mia,G,35.93,48,34.3,71.5,18.7,20.1,136,0.853,205,0.522,292,0.356,0.529,0.576,13.4,4.6,7.6,7.9,33.5,1.19,0.31,2.92,9.2,114.4,102.9
,Timothe Luwawu-Cabarrot,Atl,G-F,26.81,37,12.3,25.6,14.6,8.6,20,0.85,43,0.419,87,0.368,0.508,0.537,4,1.3,5.9,0.7,7.6,0.35,0.11,0.35,5,109.2,107.7
,Trey Lyles,Det,F,26.32,51,19.4,40.4,22.2,10.5,176,0.784,238,0.55,146,0.301,0.513,0.576,10.4,4.8,13.3,1.1,9.8,0.43,0.51,1.06,7.8,113.6,106.9
,Trey Lyles,Sac,F,26.32,5,12.1,25.2,19.1,11.1,7,0.714,14,0.786,7,0.429,0.738,0.748,7.2,2.8,12.5,0.4,5.4,0,0,0.6,6.6,132.6,111.8
,Theo Maledon,Okc,G,20.72,34,14.2,29.6,18,14.4,46,0.826,76,0.395,76,0.263,0.395,0.459,4.6,1.6,5.9,1.3,13.1,0.5,0.15,0.85,6,92.3,106.9
,Sandro Mamukelashvili,Mil,F-C,22.77,34,9.3,19.3,13.7,10,12,0.75,46,0.522,39,0.385,0.547,0.565,3,1.8,10,0.5,7,0.21,0.21,0.29,6,120.8,108.5
,Terance Mann,Lac,G-F,25.37,62,29,60.4,15.6,9.7,111,0.748,365,0.542,165,0.364,0.543,0.569,10.6,5.3,9.6,2.4,12.1,0.76,0.15,1,7.1,116.1,104.7
,Tre Mann,Okc,G,21.07,48,20.7,43.1,21,8.3,60,0.75,229,0.41,186,0.36,0.469,0.492,9,2.3,5.7,1.3,9.8,0.75,0.19,0.83,5.8,97.5,105.9
,Boban Marjanovic,Dal,C,33.54,17,5.8,12,34.4,14.7,16,0.5,54,0.648,3,0.333,0.64,0.632,4.8,1.8,16.8,0.1,4.6,0,0.12,0.65,6.6,101.8,87.5
,Lauri Markkanen,Cle,F-C,24.78,41,30.4,63.3,19.5,6.7,95,0.853,225,0.516,247,0.348,0.519,0.556,13.9,5.3,9.6,1.4,7.2,0.71,0.56,0.9,6.2,112.8,104
,Naji Marshall,Nor,F,24.1,34,10,20.9,21,15.7,39,0.821,70,0.486,52,0.192,0.402,0.467,3.8,2.1,11.8,0.8,11.6,0.5,0.15,0.76,7.4,94.3,103.2
,Kenyon Martin Jr.,Hou,F,21.15,57,19.9,41.4,17,9.2,90,0.644,268,0.604,106,0.33,0.574,0.589,8.5,3.8,10.5,1.3,10.3,0.42,0.46,0.74,7,117.8,114.1
,Caleb Martin,Mia,F,26.42,47,23,47.8,16.4,9.8,74,0.743,207,0.589,121,0.372,0.578,0.602,9.2,4,9.8,1,6.9,0.98,0.45,0.83,5.8,118.7,103.1
,Cody Martin,Cha,F,26.42,52,26.9,55.9,12.6,11.5,85,0.671,210,0.495,122,0.41,0.539,0.562,8,4.1,8,2.5,12.4,1.31,0.48,0.92,6.5,116.8,110
,Kelan Martin,Ind,F,26.58,27,16.4,34.3,18.2,7.5,13,0.692,94,0.511,74,0.297,0.482,0.492,6.3,2,6.6,0.8,6.9,0.48,0.33,0.52,5.3,101.3,110.5
,Kelan Martin,Bos,F,26.58,1,2.9,6,30.3,0,0,0,2,0,0,0,0,0,0,1,18.4,0,0,0,0,0,0,,
,Garrison Mathews,Hou,G,25.35,43,27.3,56.8,15.5,7,136,0.809,59,0.627,281,0.374,0.572,0.624,11.6,3.3,6.6,1,5.5,0.74,0.33,0.7,4.9,123.3,110.5
,Dakota Mathias,Mem,G,26.64,6,2.7,5.6,15.2,0,0,0,0,0,6,0.333,0.5,0.5,1,0.3,6.4,0.2,8.1,0.17,0,0,5.8,,
,Dakota Mathias,Mem,G,26.64,6,2.7,5.6,15.2,0,0,0,0,0,6,0.333,0.5,0.5,1,0.3,6.4,0.2,8.1,0.17,0,0,5.8,,
,Wesley Matthews,Mil,G,35.38,32,19.4,40.3,11,8.2,12,0.667,38,0.579,103,0.33,0.518,0.526,4.8,1.9,5.3,0.7,4.9,0.44,0.16,0.41,3.8,108.3,105.6
,Tyrese Maxey,Phi,G,21.32,53,35.6,74.1,20.4,7.1,176,0.869,525,0.505,190,0.4,0.53,0.575,17.2,3.6,5.5,4.5,20.2,0.74,0.49,1.15,7.3,118.5,109.1
,Skylar Mays,Atl,G,24.49,24,8.7,18.2,15.8,13.2,9,0.889,37,0.649,25,0.32,0.581,0.606,3.3,1,6.5,0.7,10.8,0.29,0,0.42,6.1,114.4,114.2
,Miles McBride,Nyk,G,21.48,22,7,14.5,18.3,4.7,4,0.75,27,0.37,32,0.156,0.297,0.313,1.7,0.7,5.6,1.1,23.1,0.36,0.05,0.14,6.3,85.4,103.3
,Mac McClung,Chi,G,23.15,1,2.6,5.4,33.8,50,0,0,1,1,0,0,1,1,2,0,0,0,0,0,0,1,0,,
,CJ McCollum,Por,G,30.45,36,35.2,73.3,26.3,9.2,68,0.706,376,0.476,289,0.384,0.52,0.532,20.5,4.3,6.6,4.5,22.1,0.97,0.58,1.94,8.3,107.5,113.1
,CJ McCollum,Nor,G,30.45,7,35.9,74.9,29.2,8.8,30,0.767,89,0.584,53,0.434,0.609,0.631,28,5.9,9,5.6,30.2,1.57,0,2.14,10.9,123.5,109.9
,T.J. McConnell,Ind,G,29.93,24,24.2,50.4,16,13,15,0.8,156,0.538,25,0.28,0.522,0.536,8.4,3.3,7.6,4.8,28.9,1.04,0.38,1.17,8.4,116.8,109.8
,Jalen McDaniels,Cha,F-C,24.08,39,17.6,36.6,15.2,12.1,46,0.674,111,0.586,86,0.372,0.574,0.592,6.6,3.5,10.3,1.1,8.6,0.51,0.41,0.77,6.7,113.3,105.5
,Jaden McDaniels,Min,F,21.42,59,25.9,53.9,15.2,11.4,59,0.797,254,0.571,212,0.307,0.52,0.541,9,4.2,8.7,1.2,6.4,0.8,0.68,1.07,5.5,106.7,103.2
,Doug McDermott,San,F,30.16,46,24.5,51,18.4,7.1,38,0.763,199,0.508,239,0.435,0.587,0.597,11.8,2.4,5.2,1.3,7.3,0.28,0.09,0.76,5.4,113.6,112
,JaVale McGee,Pho,C-F,34.11,55,16,33.4,23.4,15.9,108,0.685,347,0.651,7,0.286,0.647,0.662,9.7,6.9,22.8,0.6,6.2,0.33,1.02,1.38,8.6,120.6,90.4
,Cameron McGriff,Por,F,24.42,3,15.3,31.9,14.1,0,2,1,8,0.375,6,0.333,0.429,0.47,4.7,5,17.8,1,9.3,0,0.33,0,7.5,125.3,101.9
,Rodney McGruder,Det,G,30.59,36,13.8,28.8,13.4,9,14,0.714,54,0.5,82,0.415,0.574,0.584,4.6,1.9,7.6,0.8,9.2,0.42,0.11,0.39,5.5,116.5,111.1
,Alfonzo McKinnie,Chi,F,29.45,17,12.1,25.3,15.2,9.8,8,0.25,34,0.441,27,0.333,0.467,0.457,3.5,1.9,8.9,0.3,3.2,0.12,0.18,0.41,4.2,95.5,104.1
,JaQuori McLaughlin,Dal,G,24.09,4,2.7,5.7,8.2,0,0,0,1,0,1,0,0,0,0,0,0,0.5,22.6,0,0,0,0,,
,Jordan McLaughlin,Min,G,25.89,44,12.7,26.4,12.3,14.1,31,0.742,78,0.487,49,0.204,0.417,0.459,2.9,1.4,5.8,2.8,28.9,0.68,0.09,0.52,7.1,114,112.2
,Ben McLemore,Por,G,29.05,44,18.7,39,20.3,8,37,0.784,69,0.478,269,0.364,0.533,0.549,8.8,1.6,4.6,0.9,7.5,0.41,0.14,0.7,5,106.2,112.1
,De'Anthony Melton,Mem,G,23.76,54,22.7,47.2,20.9,12.7,90,0.733,248,0.431,254,0.343,0.473,0.499,10,4.6,10.5,2.7,16.2,1.61,0.54,1.46,8.8,104.1,102.8
,Sam Merrill,Mem,G,25.79,6,9.6,20.1,19.8,7.2,4,0.5,1,1,23,0.304,0.479,0.485,4.2,1.2,6.3,0.7,9.2,0,0,0.33,6.3,103.2,111.1
,Chimezie Metu,Sac,F-C,24.94,42,22.2,46.2,18.3,10.5,66,0.773,185,0.557,143,0.28,0.497,0.528,9,5.9,14.2,1.1,7.3,0.83,0.57,1,7,103,108.2
,Khris Middleton,Mil,F,30.55,50,32.1,66.9,26.6,14.5,230,0.883,429,0.499,321,0.358,0.515,0.573,19.5,5.4,8.9,5.3,25.4,1.14,0.26,2.88,10.3,111.6,104.9
,CJ Miles,Bos,G,34.95,1,2,4.2,0,,0,0,0,0,0,0,,,0,0,0,0,0,0,0,0,0,,
,Paul Millsap,Bro,F,37.05,24,11.3,23.4,16.5,10.6,17,0.706,58,0.448,27,0.222,0.412,0.443,3.4,3.7,17.7,1,12,0.21,0.46,0.46,8.2,105.2,95
,Paul Millsap,Phi,F,37.05,4,11,22.8,23.3,13.3,6,0.667,12,0.5,5,0.4,0.529,0.56,5.5,3,15.2,0.8,10.8,0.25,0,0.75,8.6,116.4,89.4
,Patty Mills,Bro,G,33.55,61,30.6,63.8,17.2,7.9,53,0.811,207,0.425,458,0.408,0.554,0.567,12.8,2.1,3.7,2.6,11.8,0.7,0.26,0.97,5.4,112.5,114.3
,Shake Milton,Phi,G-F,25.43,33,23.4,48.8,20.5,10.8,56,0.875,202,0.47,87,0.287,0.458,0.501,9.5,3,7.1,2.8,17.9,0.67,0.36,1.15,7.4,103.3,105.5
,Davion Mitchell,Sac,G,23.49,56,25.7,53.5,19.9,10.2,44,0.568,342,0.465,240,0.317,0.469,0.475,10.2,2.3,4.8,3.4,19.2,0.73,0.3,1.21,6.7,99.8,112.4
,Donovan Mitchell,Uta,G,25.48,48,33.5,69.8,32.7,11.7,215,0.87,514,0.543,459,0.362,0.543,0.582,25.9,4.1,6.7,5.2,27.1,1.63,0.25,2.94,9.8,115.1,105.3
,Evan Mobley,Cle,C,20.7,53,34.1,71.1,20.1,12.8,192,0.682,561,0.531,73,0.26,0.515,0.546,14.8,8.2,13,2.6,11.7,0.79,1.68,1.98,8,107.8,102.5
,Malik Monk,Lal,G,24.07,54,27,56.2,19.2,11.5,80,0.775,242,0.554,299,0.391,0.572,0.591,12.6,3.2,6.4,2.5,13.6,0.76,0.39,1.39,6.9,111.6,109.5
,Greg Monroe,Min,F-C,31.74,3,21,43.8,13.4,19.8,5,0.4,14,0.643,0,0,0.643,0.617,6.7,7,17.6,3.7,24.7,0.67,1.33,1.33,10.6,123.8,100.4
,Greg Monroe,Was,F-C,31.74,2,8.8,18.3,25.2,20,0,0,8,0.5,0,0,0.5,0.5,4,5,31.1,0.5,9.5,0.5,0.5,1,9.8,113.7,101
,Greg Monroe,Mil,F-C,31.74,5,13.9,29,17.8,10.4,9,0.556,22,0.5,0,0,0.5,0.52,5.4,4.2,15.9,0.4,4.1,0.6,0.4,0.6,6,115.3,101.9
,Moses Moody,Gol,G,19.75,36,10,20.8,15.4,5.5,21,0.81,41,0.488,70,0.3,0.464,0.499,3.3,1.5,8,0.3,4.2,0.08,0.17,0.19,4.6,104.9,104.5
,Matt Mooney,Nyk,G,25.06,1,1.9,4,46.2,50,0,0,0,0,1,0,0,0,0,0,0,0,0,1,0,1,0,,
,Xavier Moon,Lac,G,27.16,6,13.9,29,20.1,7.8,3,0.667,24,0.458,10,0.3,0.456,0.467,5.5,1.5,5.7,1.7,18.3,0.83,0.17,0.5,6.9,98.8,107.4
,Ja Morant,Mem,G,22.56,49,33.3,69.4,33.7,12.6,354,0.754,792,0.54,221,0.344,0.535,0.578,27.6,5.9,9.2,6.6,34.3,1.2,0.39,3.45,12.3,115.2,108.9
,Juwan Morgan,Tor,F,24.87,1,27.4,57.1,4.7,0,0,0,1,1,2,0.5,0.833,0.833,5,4,7.9,1,4.8,0,0,0,4,183.7,106.8
,Marcus Morris Sr.,Lac,F,32.49,38,30,62.4,23.1,8.3,103,0.854,300,0.473,204,0.382,0.514,0.552,15.9,4.7,8.2,2.1,11.1,0.55,0.29,1.32,7.2,107.5,104.9
,Jaylen Morris,San,G,26.45,3,5.3,11.1,23.1,11.4,4,0.5,4,0,2,0,0,0.129,0.7,0.7,6.6,0.7,13.8,0,0,0.33,5.3,39.5,104.8
,Markieff Morris,Mia,F,32.49,10,18.7,39,19.9,14.3,5,1,48,0.5,22,0.364,0.514,0.533,7.7,2.8,8.4,1.4,11.6,0.3,0.1,1.2,6.7,104.7,100.9
,Monte Morris,Den,G,26.68,55,29.9,62.3,17.8,8.5,58,0.862,346,0.546,239,0.389,0.562,0.579,12.9,2.9,5.4,4.2,20.7,0.67,0.16,1.04,7.2,118.6,111.5
,Emmanuel Mudiay,Sac,G,25.99,2,5.5,11.5,18.5,21,4,0.75,2,0,0,0,0,0.399,1.5,0,0,2,43.1,0.5,0,0.5,0,100.4,108.8
,Mychal Mulder,Orl,G,27.72,15,13,27.1,16.8,10.5,2,1,21,0.333,46,0.283,0.396,0.405,3.7,1.4,5.7,0.2,2.2,0.27,0.07,0.53,3.1,76,111.8
,Ade Murkey,Sac,G,20,1,1.5,3.1,0,,0,0,0,0,0,0,,,0,0,0,0,0,0,0,0,0,,
,Trey Murphy III,Nor,F,21.7,43,12.2,25.4,14.4,6.9,28,0.857,42,0.333,108,0.343,0.463,0.502,3.8,2.1,9.4,0.5,5.6,0.28,0.14,0.28,5.2,109.7,108.7
,Dejounte Murray,San,G,25.44,54,34.6,72.1,26.6,11.3,160,0.769,755,0.502,217,0.318,0.496,0.522,20.1,8.3,12.6,9.4,41,2.02,0.33,2.46,13.4,112.6,106.3
,Mike Muscala,Okc,F-C,30.67,43,13.8,28.7,21,4.9,57,0.842,85,0.506,163,0.429,0.597,0.63,8,3,11.1,0.5,6.3,0.42,0.6,0.33,6.6,124.3,101.8
,Svi Mykhailiuk,Tor,G-F,24.72,46,14.6,30.3,16.4,10.9,32,0.844,93,0.527,122,0.311,0.493,0.522,5.2,2,7.4,0.9,8.9,0.52,0.09,0.61,5.8,106.7,107.9
,Abdel Nader,Pho,F,28.43,14,10.4,21.6,15,21.8,10,0.6,21,0.381,14,0.286,0.4,0.431,2.4,1.9,9.9,0.5,5.9,0.57,0.29,0.79,5.1,78.7,93.7
,Larry Nance Jr.,Por,F-C,29.16,37,23.2,48.3,12.5,11,49,0.653,136,0.61,62,0.306,0.563,0.581,6.9,5.6,13.3,2,12.3,1.03,0.35,0.73,7.3,123.6,107.8
,RJ Nembhard Jr.,Cle,G,22.94,8,6,12.4,12.8,14.4,2,0.5,10,0.5,1,0,0.455,0.463,1.4,0.3,2.3,1.4,32.2,0,0,0.25,5.6,110.5,110.5
,Aaron Nesmith,Bos,G-F,22.37,43,10.5,21.9,17.7,14.3,19,0.842,55,0.6,92,0.25,0.459,0.486,3.5,1.7,8.4,0.4,5.1,0.28,0.09,0.6,5.1,91.1,97.7
,Raul Neto,Was,G,29.78,51,20.7,43.2,18.8,13.8,83,0.747,252,0.528,98,0.265,0.491,0.525,8,2,5.2,3,21.1,0.82,0.02,1.22,7,104.5,108.8
,Malik Newman,Cle,G,25.02,1,7.7,16,39.4,14.5,2,1,4,0.75,1,0,0.6,0.68,8,1,7.1,1,30.2,0,0,1,10.4,117.9,112.4
,Georges Niang,Phi,F,28.7,56,23.1,48.2,17.2,9.5,51,0.863,150,0.493,275,0.396,0.559,0.58,9.3,2.6,6.3,1.5,9.5,0.38,0.16,0.84,5.7,110.8,103
,Daishen Nix,Hou,G,20.04,8,8.4,17.4,19.2,29.7,3,0.333,13,0.769,7,0.429,0.725,0.704,3.8,1.3,8.2,1.3,24.5,0.88,0,1.13,8.9,104.3,111.3
,Zeke Nnaji,Den,F-C,21.14,39,16.7,34.8,15.2,9.4,62,0.613,100,0.58,76,0.487,0.645,0.652,6.8,3.7,12.3,0.4,3.3,0.31,0.33,0.54,5.2,127.1,101.6
,Nerlens Noel,Nyk,C-F,27.89,25,22.5,46.8,7.3,21.5,30,0.7,57,0.561,3,0,0.533,0.581,3.4,5.6,13.4,0.9,5.7,1.2,1.24,0.8,4.6,119.7,98.5
,Jaylen Nowell,Min,G,22.64,43,14.6,30.5,21.1,6.9,55,0.745,171,0.52,100,0.37,0.533,0.559,7.7,1.9,7,2,21.6,0.53,0.14,0.51,8.4,118.7,108.8
,Frank Ntilikina,Dal,G,23.59,47,12.5,26.1,17.3,11.5,24,0.958,90,0.422,100,0.34,0.468,0.501,4.3,1.3,5.9,1.1,13.3,0.51,0.13,0.55,5.9,100.8,102
,Jusuf Nurkic,Por,C,27.52,56,28.2,58.7,23.7,16.6,268,0.69,544,0.563,56,0.268,0.548,0.586,15,11.1,21.4,2.8,16.4,1.11,0.61,2.55,11,113.1,100.6
,David Nwaba,Hou,G-F,29.13,38,13.8,28.8,15.7,9.2,57,0.719,113,0.54,39,0.256,0.5,0.545,5.1,3.7,14.6,0.8,8.5,0.63,0.47,0.47,7.2,114.8,107.9
,Jordan Nwora,Mil,F,23.47,48,19.4,40.4,19.6,11.1,23,0.783,182,0.445,186,0.366,0.497,0.508,8,3.6,9.8,1,7.3,0.46,0.27,0.98,6.3,98.8,106.8
,Semi Ojeleye,Mil,F,27.24,20,15.4,32,11.2,6.2,13,0.769,29,0.241,41,0.268,0.336,0.376,2.9,2.9,9.9,0.3,2.1,0.25,0.25,0.25,3.5,96.5,106.4
,Semi Ojeleye,Lac,F,27.24,2,6.7,14,33.8,19.4,3,0.667,4,0.25,3,0.333,0.357,0.421,3.5,1,7.8,0,0,0,0,1,0,74.6,116.8
,Chuma Okeke,Orl,F,23.54,51,24,50.1,16.4,8.4,46,0.848,159,0.497,246,0.321,0.488,0.51,8.5,4.7,10.4,1.6,10.2,1.47,0.59,0.76,6.7,103.6,108
,Josh Okogie,Min,G,23.5,34,12.1,25.3,11.3,17.1,39,0.641,39,0.41,36,0.278,0.413,0.472,2.6,1.8,8,0.6,5.9,0.5,0.29,0.56,4.7,99.1,106.9
,Onyeka Okongwu,Atl,F-C,21.22,28,21.6,45,14.3,16.2,66,0.727,137,0.737,0,0,0.737,0.753,8.9,5.5,13.9,1.2,8.1,0.68,1.43,1.14,7.2,139.5,100.6
,Isaac Okoro,Cle,F-G,21.09,46,29,60.4,13.3,11.2,106,0.764,191,0.55,120,0.325,0.526,0.57,8.9,3.2,6.1,1.8,8.8,0.83,0.3,0.98,5.1,115.8,102.5
,KZ Okpala,Mia,F-G,22.84,21,11.6,24.2,14.3,6.3,11,0.727,43,0.488,26,0.346,0.5,0.521,3.7,2,9.5,0.7,8.3,0.19,0.33,0.24,6,113.3,101.3
,Cameron Oliver,Atl,F,20,2,21.7,45.1,16.5,0,3,0.667,12,0.75,3,0.333,0.7,0.705,11.5,3,7.6,1.5,11.1,0.5,0.5,0,6.9,149.6,106.3
,Kelly Olynyk,Det,F-C,30.87,24,20,41.7,23.2,13.8,55,0.709,117,0.462,84,0.321,0.47,0.506,9.5,5,13.3,2.8,22.9,0.92,0.46,1.5,10.2,104.6,102.5
,Eugene Omoruyi,Dal,F,25.04,4,4.5,9.3,17.1,0,4,0.5,3,0.333,2,0.5,0.5,0.518,1.8,1.8,21.6,0.5,16.1,0,0,0,10.4,131,96.5
,Royce O'Neale,Uta,F,28.74,56,31.3,65.2,9.5,13.6,46,0.804,100,0.67,209,0.411,0.634,0.652,7.7,4.8,8.4,2.5,10.4,1.27,0.46,0.93,5.8,129.1,104.5
,Miye Oni,Uta,G-F,24.57,16,2.8,5.8,10.3,9.6,1,0,1,1,8,0.125,0.278,0.265,0.3,0.4,8.6,0.3,14.1,0,0,0.06,4.7,,
,Cedi Osman,Cle,F,26.9,49,23.1,48.2,21,9.2,103,0.65,167,0.521,279,0.366,0.538,0.557,11.2,2.3,5.4,2.1,13.8,0.86,0.16,1.02,6.5,110,102.6
,Daniel Oturu,Tor,C,22.44,3,9.1,19,12.9,0,5,0.6,5,0.6,1,0,0.5,0.549,3,1.7,9.9,0,0,0,0.67,0,0,122.4,112.7
,Kelly Oubre Jr.,Cha,F-G,26.23,57,28.5,59.4,23.3,6.7,152,0.671,313,0.572,456,0.344,0.539,0.557,16.3,4.2,7.6,1.2,6.2,1.14,0.42,1.05,6.1,109.2,107.7
,Jaysean Paige,Det,G,27.59,1,6.6,13.8,25.9,25,0,0,1,0,2,0,0,0,0,1,8.2,1,19.5,0,0,1,0,14.9,85.6
,Trayvon Palmer,Det,G,27.3,1,16.8,35,5.1,50,0,0,1,0,0,0,0,0,0,2,6.4,0,0,0,0,1,0,0,107.2
,Kevin Pangos,Cle,G,29.09,24,6.9,14.4,14.5,12.8,4,0.75,20,0.45,26,0.231,0.391,0.408,1.6,0.5,3.6,1.3,24.8,0.13,0,0.29,5.9,99.1,106.3
,Jabari Parker,Bos,F,26.96,12,9.4,19.5,19.5,16,9,1,22,0.455,16,0.5,0.579,0.632,4.4,2.3,13.3,0.5,8.1,0.33,0.08,0.67,7.3,113.2,95
,Eric Paschall,Uta,F,25.32,45,13.1,27.3,17.2,10.7,66,0.758,89,0.596,90,0.378,0.581,0.62,5.7,2,8.4,0.6,6.8,0.16,0.09,0.56,5.8,121.6,107.1
,Chris Paul,Pho,G,36.82,58,33,68.8,20,15.6,185,0.843,485,0.546,182,0.33,0.532,0.579,14.9,4.5,7.2,10.7,44.4,1.86,0.31,2.38,10.9,122.9,102.9
,Cameron Payne,Pho,G,27.56,40,20.4,42.5,26,14.5,66,0.864,257,0.44,134,0.336,0.462,0.498,10.5,2.8,7.2,3.6,25.1,0.58,0.3,1.78,9.3,99.6,101.6
,Gary Payton II,Gol,G,29.25,58,16.8,35,14.6,9.2,50,0.58,174,0.759,101,0.366,0.682,0.68,7,3.4,11,0.8,7.4,1.43,0.31,0.52,6.4,129.6,94.8
,Elfrid Payton,Pho,G,28.02,39,11.7,24.4,18.6,19.8,28,0.393,130,0.408,16,0.25,0.404,0.407,3.3,1.9,8.8,2.2,24,0.49,0.1,1,8.2,89.9,102.3
,Norvel Pelle,Uta,C,29.07,3,6.3,13.2,16.1,28.6,0,0,5,0.6,0,0,0.6,0.6,2,2,17.2,0,0,0,0.33,0.67,0,101.7,108.6
,Reggie Perry,Por,F-C,21.94,2,20.5,42.6,11.6,9.2,2,1,7,0.429,2,0.5,0.5,0.557,5.5,3.5,9.3,1,6.9,0.5,0,0.5,5.2,118.5,102.9
,Reggie Perry,Ind,F-C,21.94,1,9.9,20.6,4.4,0,0,0,1,1,0,0,1,1,2,1,5.6,0,0,0,0,0,0,200,87
,Jamorko Pickett,Det,F,24.18,6,7.8,16.2,11.9,23.1,0,0,3,0,7,0.143,0.15,0.15,0.5,1.5,10.4,0.2,2.8,0,0.17,0.5,2.7,39.3,112.4
,Theo Pinson,Dal,G-F,26.32,16,7.5,15.6,13.4,5.6,4,1,7,0.429,25,0.24,0.375,0.415,1.8,1.2,8.7,0.8,14.8,0.25,0.13,0.13,6.4,99.6,102.2
,Mason Plumlee,Cha,F-C,31.99,54,25.2,52.6,11.7,19.1,129,0.357,246,0.634,2,0,0.629,0.587,6.6,8,16.6,3,15.9,0.87,0.61,1.33,8.6,121.2,101
,Jakob Poeltl,San,C,26.38,51,29.2,60.8,18.2,12.8,141,0.461,497,0.622,1,1,0.623,0.612,13.5,9.2,16.6,2.9,14.5,0.75,1.76,1.61,9.7,123.6,103.8
,Aleksej Pokusevski,Okc,C,20.18,45,16.9,35.2,19.3,15.9,19,0.579,156,0.494,121,0.273,0.457,0.463,5.9,4.4,13.3,1.3,11.8,0.56,0.6,1.2,7.6,90.7,104
,Yves Pons,Mem,F,22.82,7,3.2,6.6,7.2,0,2,0,2,0,1,1,0.5,0.387,0.4,0.7,11.7,0,0,0,0,0,0,,
,Jordan Poole,Gol,G,22.7,55,28.6,59.6,24.7,14.1,173,0.925,313,0.556,377,0.334,0.526,0.578,16.1,3.1,6,3.5,18.8,0.8,0.29,2.29,7.8,108.8,101.5
,Kevin Porter Jr.,Hou,G-F,21.82,40,29.9,62.2,23.5,20.6,127,0.606,231,0.411,240,0.379,0.492,0.512,13.5,4,7.3,6.1,31.2,1.2,0.25,3.43,9.2,98.5,111.6
,Michael Porter Jr.,Den,F,23.67,9,29.5,61.4,19.7,10.1,9,0.556,55,0.491,48,0.208,0.408,0.416,9.9,6.6,12.4,1.9,9,1.11,0.22,1.33,6.8,86.5,105.3
,Otto Porter Jr.,Gol,F,28.74,50,21.4,44.7,15.2,6.7,41,0.78,149,0.584,183,0.388,0.583,0.599,8.4,5.3,13.3,1.5,10.4,1.06,0.46,0.5,7.6,124.2,100.5
,Bobby Portis,Mil,F,27.05,53,28.8,60,22.1,9.6,98,0.745,407,0.531,262,0.416,0.567,0.584,15.7,9.2,16.8,1.2,6.8,0.74,0.77,1.43,7.7,115.8,101.5
,Kristaps Porzingis,Dal,F-C,26.58,34,29.5,61.4,28.5,8.3,170,0.865,335,0.537,173,0.283,0.499,0.561,19.2,7.7,14.3,2,11.8,0.74,1.74,1.56,9,113.2,99.9
,Micah Potter,Det,F,23.9,3,10.3,21.5,17.8,7.8,2,1,9,0.556,2,0,0.455,0.505,4,3,15.7,0,0,0.33,0.33,0.33,0,108.6,102.7
,Dwight Powell,Dal,F-C,30.61,61,20.6,43,13.2,12.7,132,0.75,233,0.682,32,0.406,0.674,0.706,7.5,4.5,11.9,1.1,7.9,0.49,0.43,0.77,6.5,139.9,98.6
,Myles Powell,Phi,G,20,11,4.7,9.9,18,14.4,2,1,11,0.364,6,0.167,0.324,0.364,1.2,0.5,6.4,0.3,8,0.09,0,0.27,4.8,74,98.5
,Norman Powell,Por,G,28.77,40,33.3,69.4,22.6,9,198,0.803,313,0.492,229,0.406,0.542,0.593,18.7,3.3,5.4,2.1,9.9,1,0.43,1.55,6.1,114.7,112.2
,Norman Powell,Lac,G,28.77,3,26.8,55.8,30.5,9,20,0.85,28,0.5,14,0.429,0.548,0.62,21,3,5.9,4,26,0.67,0.67,1.67,9.4,123.9,104.3
,Joshua Primo,San,G,19.18,32,15.7,32.7,15.9,15.4,30,0.767,69,0.406,77,0.325,0.449,0.484,4.8,1.7,5.7,1.4,11.2,0.38,0.47,0.91,5.7,96.9,109.2
,Taurean Prince,Min,F,27.94,50,15.7,32.7,15.3,12.2,42,0.762,91,0.571,143,0.378,0.568,0.59,6,2.3,7.8,0.9,8.2,0.6,0.26,0.7,5.9,111.8,106.6
,Payton Pritchard,Bos,G,24.09,52,12.7,26.5,19.2,11.5,14,1,97,0.433,152,0.375,0.512,0.527,5.2,1.7,6.9,1.8,21.5,0.19,0.08,0.63,7.9,109.9,105
,Trevelin Queen,Hou,G,20,8,8.6,17.9,22.9,18.8,3,1,7,0.714,22,0.364,0.586,0.61,4.6,1.8,11.1,0.4,7.1,0.63,0,0.88,6.9,103.5,108.8
,Neemias Queta,Sac,C,22.63,10,5.6,11.7,22.3,13.7,5,0.6,23,0.391,0,0,0.391,0.417,2.1,1.9,18.3,0.4,10.5,0.1,0.4,0.4,8.3,98.6,97.6
,Immanuel Quickley,Nyk,G,22.7,57,21.3,44.4,21.8,12.3,101,0.921,205,0.424,280,0.329,0.464,0.513,9.5,2.4,5.9,2.9,21.9,0.6,0.05,1.3,7.6,106.2,104.1
,Jahmi'us Ramsey,Sac,G,20.73,19,7.1,14.7,22,7.2,14,0.5,40,0.475,18,0.278,0.457,0.468,3.2,0.7,5.2,0.4,7.9,0.05,0.05,0.26,5.4,95.1,113.6
,Julius Randle,Nyk,F-C,27.25,59,35.7,74.4,27.9,15.6,314,0.761,681,0.467,312,0.301,0.462,0.511,19.6,10.2,15.2,5.3,25.6,0.75,0.58,3.54,11.4,102.5,103.3
,Austin Reaves,Lal,G,23.76,41,21.6,45,10.8,9.4,58,0.828,76,0.711,101,0.307,0.568,0.615,6.1,2.5,6.2,1.3,8,0.27,0.29,0.51,5,124,110.4
,Cam Reddish,Atl,F-G,22.5,34,23.4,48.8,23.2,10.4,80,0.9,190,0.421,153,0.379,0.487,0.537,11.9,2.5,5.8,1.1,7,1.03,0.32,1.29,5.5,103.6,111.9
,Cam Reddish,Nyk,F-G,22.5,11,12.4,25.9,20.3,14.3,23,0.957,22,0.5,22,0.227,0.42,0.545,5.4,1,4.3,0.6,7.8,0.82,0.27,0.82,4.8,103.7,108.3
,Davon Reed,Den,G,26.72,31,13.1,27.3,11.8,7.3,7,0.857,45,0.533,53,0.434,0.597,0.608,4,2.4,10.2,1,10,0.55,0.1,0.26,6.5,124.2,101.4
,Paul Reed,Phi,F,22.71,25,9.3,19.3,14.1,11,10,0.4,56,0.482,4,0,0.45,0.45,2.3,2.6,15.5,0.4,6.2,0.76,0.48,0.32,5.8,108.3,92.8
,Naz Reid,Min,C-F,22.51,59,15.9,33.1,21.3,12.4,112,0.741,243,0.543,126,0.333,0.528,0.565,8,3.7,12.5,0.9,8.7,0.44,1.03,1,7.5,111.4,101.3
,Nick Richards,Cha,C,24.25,41,8.4,17.5,14.7,17.5,41,0.732,81,0.679,0,0,0.679,0.707,3.4,2,12.1,0.3,5.3,0.22,0.46,0.51,6,125.7,101.4
,Josh Richardson,Bos,G,28.46,44,24.7,51.5,16.7,9.4,71,0.859,187,0.481,156,0.397,0.534,0.57,9.7,2.8,6.1,1.5,9,0.77,0.52,0.89,5.6,113.1,103.3
,Josh Richardson,San,G,28.46,3,15.8,32.8,13.4,6.7,0,0,9,0.222,5,0.6,0.464,0.464,4.3,1.3,4.4,2,15.9,0.33,0.33,0.33,5.7,112.7,108.7
,Austin Rivers,Den,G,29.58,47,21.2,44.2,13.5,12.7,29,0.69,87,0.552,168,0.345,0.529,0.542,6.2,1.7,4.5,1.2,7.7,0.74,0.09,0.83,4.4,102,107.1
,Duncan Robinson,Mia,F,27.86,59,27,56.2,18.1,7.7,48,0.833,88,0.58,490,0.361,0.548,0.562,11.4,2.9,6.1,1.6,8.6,0.59,0.19,0.85,5.6,110.5,102.3
,Jeremiah Robinson-Earl,Okc,F,21.32,44,23,48,14.7,10.1,42,0.714,142,0.472,150,0.333,0.486,0.506,7.1,5.8,12.8,1,6.5,0.61,0.34,0.8,6,105.3,104.9
,Justin Robinson,Mil,G,24.38,17,11.6,24.2,14.9,16,2,1,20,0.4,37,0.27,0.404,0.415,2.8,0.8,3.5,1.2,14,0.47,0,0.65,4.8,87.2,106.3
,Justin Robinson,Sac,G,24.38,3,5,10.4,25.6,11.1,0,0,5,0.2,3,0,0.125,0.125,0.7,0.3,3.6,0.7,17.2,0,0,0.33,4.2,37.8,107.7
,Justin Robinson,Det,G,24.38,5,18.2,37.9,16.7,14,6,0.333,7,0.143,21,0.381,0.464,0.457,5.6,1.4,4.1,1.8,14.6,0.2,0.2,1,5.3,92.1,111.9
,Mitchell Robinson,Nyk,C-F,23.92,55,25.3,52.8,11.2,12.4,132,0.515,252,0.762,0,0,0.762,0.729,8.2,8.7,18.2,0.4,2.7,0.64,1.62,0.8,4.8,143.9,100.6
,Isaiah Roby,Okc,F,24.07,25,16.2,33.9,18.7,12,35,0.743,102,0.549,37,0.378,0.554,0.583,7.2,3.9,12.2,0.9,8.9,0.6,0.48,0.84,7.2,114.1,99
,Rajon Rondo,Lal,G,36.02,18,16.1,33.5,15.7,32.1,2,0.5,41,0.366,30,0.267,0.38,0.383,3.1,2.7,9,3.7,30.2,0.67,0.28,1.89,7.8,83.7,105.2
,Rajon Rondo,Cle,G,36.02,14,21.7,45.3,17.7,22.9,21,0.762,39,0.487,46,0.37,0.524,0.557,7.5,3.4,8.4,5,32.8,1,0,2,9.3,108.4,100.8
,Derrick Rose,Nyk,G,33.4,26,24.5,51,22.6,11.9,31,0.968,182,0.467,92,0.402,0.513,0.541,12,3,6.5,4,27.8,0.85,0.46,1.5,8.6,112,113
,Terrence Ross,Orl,G-F,31.07,53,23.9,49.9,20.3,11.4,113,0.867,257,0.486,221,0.308,0.475,0.523,10.4,2.6,5.8,1.9,12.7,0.47,0.23,1.28,6.2,101,113.6
,Terry Rozier,Cha,G,27.96,54,33.9,70.6,23,7,133,0.82,427,0.508,442,0.364,0.528,0.553,19,4.3,6.6,4.4,19.5,1.17,0.35,1.3,8.4,114.2,112.7
,Ricky Rubio,Cle,G,31.36,34,28.5,59.4,24.8,16.5,103,0.854,237,0.38,174,0.339,0.434,0.488,13.1,4.1,7.9,6.6,34.8,1.44,0.21,2.65,9.9,102.3,100.8
,D'Angelo Russell,Min,G,26.02,48,32.3,67.3,26.1,12.8,182,0.813,356,0.492,408,0.353,0.512,0.551,19.4,3.5,5.7,6.9,33.1,0.9,0.46,2.58,9.6,112.4,110.9
,Domantas Sabonis,Ind,F-C,25.83,47,34.7,72.3,21.8,17.3,258,0.74,463,0.639,108,0.324,0.61,0.649,18.9,12.1,19.2,5,22.6,0.98,0.47,3.04,12.1,123.1,104.9
,Domantas Sabonis,Sac,F-C,25.83,7,32.9,68.6,24.3,19.1,16,0.625,91,0.626,8,0.25,0.606,0.613,18.6,13.1,21.5,5.9,30.2,1,0.43,3.57,13.7,115.2,101.4
,Olivier Sarr,Okc,C,23.03,5,12.3,25.5,12.5,0,4,0.75,12,0.583,4,0.25,0.531,0.563,4,2.6,10.8,0.4,5,0,0.4,0,5.2,121.5,96
,Tomas Satoransky,Nor,G,30.34,32,15,31.3,12.7,16.3,25,0.76,76,0.355,31,0.161,0.322,0.373,2.8,2,7.3,2.4,21.2,0.44,0.03,0.72,6.3,94.6,109.5
,Tomas Satoransky,San,G,30.34,1,9.2,19.2,8.1,0,4,0.75,0,0,0,0,,0.852,3,1,5.7,0,0,0,0,0,0,,118.9
,Jordan Schakel,Was,G,23.72,2,7.1,14.8,18.8,0,0,0,3,0,3,0,0,0,0,1.5,11.6,0,0,0,0,0,0,28.6,120.3
,Admiral Schofield,Orl,F,24.92,26,10.6,22,13.4,15.3,7,0.714,28,0.643,41,0.341,0.565,0.576,3.2,1.9,9.5,0.6,8.6,0.12,0.15,0.5,5.8,105.6,104.3
,Dennis Schroder,Bos,G,28.46,49,29.2,60.9,23.1,13.8,145,0.848,392,0.485,192,0.349,0.497,0.543,14.4,3.3,6.1,4.2,22.7,0.84,0.1,2.12,8,107.6,102.8
,Dennis Schroder,Hou,G,28.46,5,30.4,63.3,22.1,18.9,14,0.857,35,0.429,23,0.217,0.388,0.444,11.4,4.6,8.3,7.8,38.2,0.8,0.2,3,9.8,98.5,109.1
,Trevon Scott,Cle,F,25.26,2,5.7,11.9,23.2,0,0,0,5,0.6,1,0,0.5,0.5,3,1,9.6,0,0,0.5,0.5,0,0,107.1,88.8
,Jay Scrubb,Lac,G,21.49,18,6.7,14.1,20.7,12.2,10,0.7,25,0.48,21,0.286,0.457,0.486,2.7,0.9,6.9,0.4,9.8,0.22,0.17,0.39,5.9,93.1,105.3
,Wayne Selden,Nyk,G,27.42,3,6.4,13.3,13.2,0,4,0.5,2,0,2,0.5,0.375,0.434,1.7,0.3,2.8,0.3,7.3,0,0,0,3.3,102.6,113.1
,Alperen Sengun,Hou,C,19.6,52,18.7,38.9,22.4,21,167,0.701,264,0.538,69,0.275,0.512,0.563,8.8,4.8,14,2.5,20.8,0.77,0.94,2.08,10.1,106.4,102.5
,Collin Sexton,Cle,G,23.15,11,28.8,59.9,27.8,15.6,39,0.744,106,0.538,45,0.244,0.487,0.523,16,3.3,6.2,2.1,12,0.91,0,2.82,6.7,95.9,103.6
,Landry Shamet,Pho,G,24.97,48,19.6,40.8,16.5,7,58,0.862,93,0.409,215,0.349,0.489,0.526,7.3,1.9,5.2,1.5,10.1,0.44,0.08,0.52,5.6,109.1,106.2
,Day'Ron Sharpe,Bro,F,20.32,32,12.2,25.4,21.7,15.2,41,0.585,142,0.592,7,0.286,0.584,0.593,6.2,5,22.1,0.5,6.8,0.31,0.47,0.94,8.2,118.6,97.9
,Pascal Siakam,Tor,F,27.91,47,37.4,77.9,25,12.3,242,0.74,650,0.514,145,0.338,0.513,0.551,21.1,8.4,12.3,5.1,22.4,1.28,0.72,2.68,10.3,113,103.7
,Chris Silva,Min,F,25.44,1,3.5,7.3,0,,0,0,0,0,0,0,,,0,1,15.1,0,0,0,0,0,0,,
,Chris Silva,Mia,F,25.44,9,9.7,20.3,14.3,28.3,12,0.833,15,0.533,0,0,0.533,0.641,2.9,3.9,22.5,0.8,11.1,0,0.11,0.89,8.6,119.4,83.8
,Marko Simonovic,Chi,C,22.38,9,3.9,8.1,27.3,9.2,11,0.727,10,0.3,5,0.2,0.3,0.428,1.9,1.1,15.8,0,0,0.11,0.11,0.22,0,,
,Anfernee Simons,Por,G,22.73,55,29.3,61.1,24.8,11.8,109,0.881,341,0.501,421,0.397,0.553,0.58,17.1,2.7,5,3.9,22,0.53,0.11,1.96,7.7,112,113.6
,Jericho Sims,Nyk,C,23.36,20,7.7,15.9,4.5,12.7,4,0.75,12,0.667,0,0,0.667,0.69,1,2.1,14.3,0.2,3.6,0.25,0.4,0.1,3.9,153.7,99.9
,Deividas Sirvydis,Det,F-G,21.72,3,8.9,18.5,16.1,0,0,0,3,0,7,0.143,0.15,0.15,1,2,12.1,0.3,5.1,1,0.33,0,3.8,40.6,93.5
,Javonte Smart,Mil,G,22.74,13,12.3,25.6,14.6,16.5,6,0.833,25,0.28,18,0.222,0.302,0.34,2.4,1.5,6.3,1.1,11.2,0.31,0.15,0.69,5.1,77.1,108
,Marcus Smart,Bos,G,27.99,53,32.7,68,17.4,15.6,142,0.789,262,0.504,253,0.32,0.492,0.536,11.7,3.9,6.4,5.4,23.9,1.85,0.26,2.02,7.7,110,101.8
,Dennis Smith Jr.,Por,G,24.26,37,17.3,36,18.3,19,64,0.656,162,0.451,27,0.222,0.434,0.474,5.6,2.4,7.5,3.6,30.2,1.22,0.32,1.38,8.4,101.9,107.5
,Ish Smith,Cha,G,33.65,37,13.8,28.8,18.9,15.7,19,0.632,160,0.394,25,0.4,0.422,0.434,4.5,1.5,5.8,2.6,26.4,0.54,0.27,0.97,7.5,94.7,110.9
,Ish Smith,Was,G,33.65,6,22,45.8,21,14.4,1,0,44,0.545,9,0.333,0.538,0.533,9.5,2.8,7,4.8,35.2,0.83,0.5,1.5,9.2,110.5,104.6
,Jalen Smith,Pho,F-C,21.96,29,13.2,27.4,20.6,12.1,52,0.769,98,0.551,39,0.231,0.493,0.547,6,4.8,19.4,0.2,2.1,0.21,0.62,0.76,5.4,113.3,94.3
,Jalen Smith,Ind,F-C,21.96,7,23.4,48.8,19.5,12.1,14,0.786,31,0.645,28,0.464,0.669,0.691,12.9,7,16.5,1.1,7.6,0.43,0.57,1.29,7.9,126.9,106.7
,Xavier Sneed,Mem,F,20,2,3.9,8,10.7,0,0,0,0,0,2,0,0,0,0,1,13.6,0,0,0,0,0,0,,
,Tony Snell,Por,G,30.31,38,14.4,29.9,8.7,10.1,3,1,22,0.545,75,0.32,0.495,0.503,2.6,1.9,7.2,0.6,5.2,0.21,0.18,0.29,4,103.9,111.2
,Tony Snell,Nor,G,30.31,5,20.2,42,13.7,12.5,0,0,5,0.6,23,0.522,0.75,0.75,8.4,3.8,10.4,0.6,4.5,0.6,0,0.8,5.3,128.5,103.5
,Jaden Springer,Phi,G,19.43,2,2.8,5.8,16.1,50,0,0,1,1,0,0,1,1,1,1,19.8,0,0,0,1,0.5,0,,
,Cassius Stanley,Det,G,22.54,9,17.2,35.9,15.5,10.6,10,1,29,0.517,17,0.235,0.457,0.516,5.8,2.1,6.6,0.4,3.9,0.56,0.22,0.67,3.9,101.1,107.1
,Nik Stauskas,Mia,G,28.4,2,11.9,24.7,18.3,0,4,0.75,4,0.25,4,0.5,0.5,0.564,5.5,1.5,7.1,0.5,6.1,0,0,0,5.4,127.5,110.7
,Lance Stephenson,Atl,F,31.49,6,11.6,24.1,11.2,22.4,2,0.5,10,0.5,3,0,0.385,0.396,1.8,2.5,11.8,1.8,20.1,0,0,0.67,6.9,91.4,104.9
,Lance Stephenson,Ind,F,31.49,25,20.1,41.8,24.4,16.5,50,0.78,153,0.536,62,0.274,0.5,0.536,10.2,3.2,8.7,4.1,31.9,0.64,0.12,1.88,10.2,106.2,105.6
,Lamar Stevens,Cle,F,24.64,43,13.9,29,16.2,10.4,42,0.643,135,0.533,44,0.295,0.511,0.532,4.9,2.1,8.3,0.6,6.2,0.47,0.21,0.53,5.3,106.1,99.9
,Isaiah Stewart,Det,F-C,20.78,53,26,54.1,14.6,13.8,79,0.684,347,0.542,25,0.16,0.522,0.543,8.3,8.5,17.6,1.1,6.5,0.34,1.15,1.23,6.6,111.7,104.6
,Max Strus,Mia,G-F,25.92,49,23.5,48.9,18.1,8.3,43,0.767,99,0.545,313,0.403,0.59,0.602,10.6,3.1,7.4,1.3,8.3,0.35,0.22,0.8,6,115.2,105.3
,Jalen Suggs,Orl,G,20.74,41,27.8,58,25.6,18.7,149,0.765,315,0.441,168,0.232,0.409,0.464,12.4,3.7,7,4.4,24.7,1.27,0.39,3.07,8.4,89.4,104.3
,Craig Sword,Was,G,28.12,3,6.3,13.2,11.7,20,0,0,3,1,1,0,0.75,0.75,2,0,0,0.3,7.9,1.33,0,0.33,0,115.6,68.2
,Keifer Sykes,Ind,G,28.17,22,18.3,38.2,18.4,15.1,14,0.857,73,0.397,67,0.299,0.421,0.445,5.9,1.8,5.4,2,15.2,0.36,0.18,1.18,6.1,90.8,110
,Jae'Sean Tate,Hou,F,26.34,58,27.5,57.3,19.8,14.6,159,0.717,413,0.588,153,0.294,0.549,0.578,12.7,5.6,11.1,3.1,18.2,1.02,0.59,1.88,8.8,113,105.2
,Jayson Tatum,Bos,F-G,24,59,36.1,75.1,31.9,11,359,0.85,718,0.503,498,0.329,0.499,0.553,25.7,8.3,12.4,4.2,20.2,0.97,0.69,2.86,10.7,109.1,101.4
,Terry Taylor,Ind,G,22.44,16,18.1,37.7,17.1,6.1,20,0.7,89,0.629,10,0.4,0.626,0.64,8.6,6.1,18.7,1.4,12.5,0.19,0.19,0.44,9.3,140.3,107.8
,Garrett Temple,Nor,G-F,35.81,55,19.2,39.9,13.9,11.8,41,0.683,106,0.481,174,0.316,0.477,0.495,5.4,2.5,7.3,1.3,9.5,0.75,0.42,0.73,5.4,101.2,107.7
,Emanuel Terry,Pho,F,26.53,3,6.1,12.6,23.7,50,0,0,5,0,0,0,0,0,0,5,43.8,0.7,12.2,0.33,0,1.67,0,62.2,78
,Tyrell Terry,Mem,G,21.42,2,1.6,3.2,13.3,0,0,0,1,1,0,0,1,1,1,0,0,0,0,0,0,0,0,,
,Jon Teske,Mem,C,20,3,2.6,5.4,9.9,0,2,0,1,0,0,0,0,0,0,0.7,13.4,0.3,14.4,0.33,0,0,0,,
,Daniel Theis,Hou,F-C,29.9,26,22.5,46.8,16.5,13.6,40,0.675,100,0.61,79,0.291,0.534,0.554,8.4,5,12.2,0.8,5.2,0.42,0.65,1.19,5.7,104.5,108.7
,Daniel Theis,Bos,F-C,29.9,4,14.1,29.4,8.6,0,0,0,7,0.857,4,0.5,0.818,0.818,4.5,4.8,18,0.8,7.9,0.5,1.25,0,7.3,165.9,83.7
,Brodric Thomas,Bos,G,25.09,9,4.9,10.2,18.7,21.3,4,0.5,6,0.667,7,0.143,0.423,0.44,1.4,0.7,7.3,0.7,19.3,0,0.11,0.44,7.2,89.4,98.4
,Cam Thomas,Bro,G,20.38,51,19.8,41.2,22.5,8.5,85,0.824,287,0.53,158,0.272,0.487,0.521,9.9,2.6,7,1.4,10.3,0.55,0.14,0.88,6.7,102.8,111.6
,Isaiah Thomas,Lal,G,33.06,4,25.3,52.6,20.8,10.2,11,0.727,17,0.412,22,0.227,0.372,0.422,9.3,2,4.2,1.5,8.2,0,0.5,1.25,4.8,85.4,106.1
,Isaiah Thomas,Dal,G,33.06,1,13.3,27.7,27,0,0,0,5,0.6,3,0,0.375,0.375,6,0,0,4,51.4,0,0,0,0,101.2,117.1
,Matt Thomas,Chi,G,27.57,37,12.2,25.4,14.1,5.5,20,0.8,42,0.452,86,0.384,0.535,0.559,4.1,1.3,6,0.5,5.8,0.22,0.08,0.22,4.5,111.8,112.9
,Klay Thompson,Gol,G,32.06,17,25.2,52.6,28.9,7.7,33,0.939,118,0.466,130,0.385,0.524,0.554,17.1,3.8,8.2,3,20.1,0.59,0.41,1.29,9.2,110,104.4
,Tristan Thompson,Sac,C-F,30.97,30,15.2,31.6,19.4,14.1,60,0.533,150,0.5,1,1,0.507,0.521,6.2,5.4,19.1,0.6,5.9,0.37,0.4,0.97,7.2,109,104.7
,Tristan Thompson,Ind,C-F,30.97,4,16.4,34.2,20.7,12.7,8,0.375,24,0.542,0,0,0.542,0.527,7.3,4.5,15.2,0.5,4.7,0,0.5,1,6.2,102.7,107.1
,Tristan Thompson,Chi,C-F,30.97,3,15.3,31.9,16.3,11.7,16,0.5,8,0.625,0,0,0.625,0.598,6,3.7,13.3,0.3,2.8,0.67,0,0.67,4.9,119.7,102.4
,JT Thor,Cha,F,19.51,22,10.1,21,12,11.1,14,0.714,24,0.583,26,0.269,0.49,0.525,2.7,1.6,8.5,0.8,10.5,0.36,0.41,0.32,6,113.3,105.2
,Matisse Thybulle,Phi,G-F,24.99,45,26.3,54.9,9.7,11.8,25,0.72,103,0.728,110,0.282,0.57,0.583,5.8,2.4,5.1,1.2,6.3,1.84,1.04,0.67,3.9,112.6,103.6
,Killian Tillie,Mem,F-C,23.99,33,13.4,27.9,12.4,8.2,8,0.625,39,0.41,80,0.338,0.475,0.482,3.6,1.7,6.7,0.6,5.7,0.7,0.42,0.33,4.6,106.2,100.9
,Xavier Tillman,Mem,F,23.13,40,12.8,26.6,16.1,13,48,0.646,118,0.525,35,0.2,0.474,0.505,4.4,2.9,11.8,1,10.4,1.03,0.35,0.65,7.3,108.3,100.5
,Isaiah Todd,Was,F,20.37,10,4.1,8.6,22.3,4.8,6,0.333,6,0.167,11,0.364,0.412,0.407,1.6,1,13.3,0.3,10.3,0.2,0.2,0.1,7.6,91.6,110.8
,Obi Toppin,Nyk,F,23.99,56,15,31.3,20.4,11.2,90,0.744,212,0.642,96,0.219,0.544,0.578,7.2,3.5,12.5,0.9,9.7,0.25,0.41,0.79,7.5,113.5,104.1
,Juan Toscano-Anderson,Gol,F,28.89,58,14.3,29.8,15.3,20.9,57,0.596,130,0.6,76,0.303,0.546,0.56,4.5,2.6,9.9,1.9,18.2,0.69,0.26,1.05,7.9,105.4,96.1
,Karl-Anthony Towns,Min,C-F,26.29,55,34.1,71.1,27.4,13.9,322,0.82,635,0.57,283,0.406,0.582,0.629,24.2,9.6,14.9,3.9,19.3,1,1.13,3.11,11.4,119.6,102.9
,Gary Trent Jr.,Tor,G-F,23.12,51,34.6,72.1,21.6,5.8,122,0.811,386,0.459,398,0.394,0.526,0.552,18.1,2.6,4.2,1.9,8.7,1.92,0.29,1.02,5.2,113.5,109.3
,P.J. Tucker,Mia,F,36.82,55,28.4,59.3,11.9,12.6,54,0.722,179,0.542,164,0.451,0.606,0.62,8.3,5.4,10.6,2.1,10.5,0.78,0.22,0.96,6.4,123.7,102.2
,Rayjon Tucker,Den,G,24.43,3,9.8,20.3,5.6,0,4,0.75,0,0,2,0.5,0.75,0.798,2,1.3,7.6,1.3,16.7,0.33,0,0,6.1,188.7,103.2
,Myles Turner,Ind,C-F,25.94,42,29.4,61.2,17.2,10.9,105,0.752,210,0.662,183,0.333,0.587,0.615,12.9,7.1,13.3,1,5.2,0.67,2.81,1.29,6.1,117.4,106.1
,Jonas Valanciunas,Nor,C,29.82,55,31.2,65.1,23.6,14.5,224,0.813,579,0.573,127,0.378,0.572,0.615,18,11.6,20.4,2.5,13.7,0.51,0.89,2.47,10.3,117.2,101.6
,Denzel Valentine,Cle,G,28.29,22,9.3,19.3,15.6,13.9,0,0,18,0.278,44,0.409,0.516,0.516,2.9,1.7,10.2,0.5,7.6,0.32,0,0.45,5.8,99.9,100.7
,Denzel Valentine,Uta,G,28.29,2,9.3,19.3,14.1,33.3,0,0,1,1,3,0.333,0.625,0.625,2.5,2,11.8,0,0,0.5,0,1,0,75.2,92
,Jarred Vanderbilt,Min,F,22.91,57,25.9,54,10.9,14,101,0.634,274,0.609,12,0.167,0.594,0.611,7.1,8.9,18.1,1.4,7.1,1.42,0.7,0.95,6.9,128.3,101.5
,Fred VanVleet,Tor,G,28.01,52,38.2,79.5,24.1,12.4,178,0.876,379,0.438,522,0.398,0.531,0.568,21.4,4.5,6.4,6.9,28.2,1.6,0.54,2.67,9.1,116.6,108.9
,Devin Vassell,San,G-F,21.52,54,26.2,54.5,18.9,6.5,64,0.813,288,0.517,274,0.343,0.516,0.535,11.7,4.3,8.7,1.8,9.6,0.98,0.61,0.76,6.9,108.4,107.1
,Gabe Vincent,Mia,G,25.71,53,24.3,50.6,17.8,15.1,50,0.82,156,0.506,262,0.378,0.544,0.564,9.4,2,4.7,3.4,20.5,0.94,0.23,1.47,6.6,110.1,101.5
,Nikola Vucevic,Chi,C,31.35,55,33.7,70.3,24.5,10.3,92,0.761,625,0.538,262,0.305,0.514,0.529,17.9,11.6,19,3.5,16.1,0.96,1.16,1.93,10.7,107.3,103.6
,Dean Wade,Cle,F-C,25.28,46,19.1,39.7,11.3,7.2,29,0.655,63,0.635,132,0.364,0.574,0.585,5.3,3,8.6,1.1,7.9,0.57,0.13,0.35,5.4,121.7,101.4
,Franz Wagner,Orl,F,20.51,62,31.8,66.4,21.1,10.3,179,0.849,564,0.509,221,0.357,0.517,0.557,15.5,4.6,7.7,3,15.3,0.89,0.45,1.6,7.5,110,110.3
,Moritz Wagner,Orl,F-C,24.85,45,12.5,26.1,23.4,10.5,79,0.797,114,0.684,124,0.331,0.586,0.627,7.6,2.4,10.4,1.1,14.9,0.29,0.22,0.71,8.7,118.6,100.4
,Ish Wainright,Pho,F,27.47,31,7.2,14.9,14,13.9,7,0.429,27,0.444,32,0.313,0.458,0.459,1.8,1.2,8.9,0.3,5.6,0.29,0.16,0.32,4.8,99,95.7
,Lonnie Walker IV,San,G-F,23.21,57,23.1,48,23.5,8.6,110,0.791,346,0.486,273,0.304,0.473,0.503,11.8,2.6,5.9,2.2,13.6,0.61,0.3,1.11,7.1,101.1,110.5
,Kemba Walker,Nyk,G,31.81,37,25.6,53.4,20.8,10.7,71,0.845,171,0.444,199,0.367,0.501,0.537,11.6,3,6.2,3.5,22.4,0.7,0.19,1.3,7.7,111.4,111.3
,MJ Walker,Pho,G,23.93,2,4.2,8.8,20.6,0,0,0,2,0,2,0,0,0,0,0.5,6.3,0.5,13.3,1,0,0,0,17.5,85.9
,Derrick Walton Jr.,Det,G,26.92,3,36.1,75.1,15.3,28.4,4,1,13,0.231,13,0.231,0.288,0.342,6.3,3.3,5,7,26.9,2.33,1.33,3.67,5.8,76.5,109.5
,Brad Wanamaker,Ind,G,32.6,22,13.3,27.7,15.4,22,22,0.909,55,0.4,17,0.235,0.389,0.465,3.5,1.6,6.6,2.2,21.8,0.23,0.27,1.05,6.9,96.4,103.8
,Brad Wanamaker,Was,G,32.6,1,27.1,56.5,10.4,0,3,1,5,0.4,0,0,0.4,0.554,7,4,8.1,7,34.2,2,0,0,8.6,147.4,101.1
,Duane Washington Jr.,Ind,G,21.94,31,19.4,40.5,21.9,10.4,31,0.742,130,0.4,131,0.344,0.458,0.477,8.5,1.7,5,1.9,14.1,0.48,0.03,1.03,6.2,96,111.9
,P.J. Washington,Cha,F,23.52,46,25.7,53.6,16.3,13.2,65,0.723,145,0.566,222,0.369,0.559,0.578,9.9,5.6,11.3,2,10.7,0.83,0.93,1.3,7.5,111.8,105.8
,Yuta Watanabe,Tor,G-F,27.38,28,13.8,28.6,16.5,11.5,35,0.571,52,0.462,64,0.375,0.517,0.533,5,2.8,11,0.7,7,0.25,0.5,0.61,6.2,107.4,105.4
,Lindy Waters III,Okc,F,24.59,6,9.2,19.1,11,0,0,0,2,1,12,0.333,0.571,0.571,2.7,1.5,8.3,0,0,0.17,0.17,0,0,113.4,108
,Tremont Waters,Tor,G,24.14,2,20.9,43.5,16.4,25,0,0,3,0.333,9,0.222,0.333,0.333,4,2,5.2,3.5,22,2,0,2,5.8,73.5,107.4
,Tremont Waters,Was,G,24.14,1,8.5,17.7,10.5,0,0,0,2,0.5,0,0,0.5,0.5,2,0,0,0,0,1,0,0,0,99.9,88.9
,Trendon Watford,Por,F,21.31,35,13.1,27.4,15,15.7,43,0.721,104,0.625,11,0.091,0.578,0.612,4.7,3.2,13.3,1.1,12.1,0.4,0.43,0.71,7.8,118.3,101.4
,Paul Watson,Okc,G,27.17,9,17.4,36.2,11,10,2,0.5,9,0.667,26,0.231,0.429,0.432,3.4,3,8.8,0.9,7.3,0.33,0.33,0.44,4.8,91,107.2
,Quinndary Weatherspoon,Gol,G,25.47,5,6.6,13.8,18.2,21.6,2,1,9,0.667,1,0,0.6,0.643,2.8,1.2,9.8,0.4,9.2,0.2,0.2,0.6,6.7,104.6,86
,Russell Westbrook,Lal,G,33.3,59,34.4,71.7,27.7,18.1,301,0.668,736,0.474,202,0.292,0.466,0.503,18.2,7.7,11.8,7.3,32.9,1.03,0.25,4.02,11.7,99.8,104.4
,Coby White,Chi,G,22.04,42,28.3,58.9,20.2,9,77,0.844,213,0.502,249,0.402,0.556,0.584,13.8,3.1,6,2.9,14.8,0.48,0.24,1.17,7,114.6,108.4
,Derrick White,San,G,27.66,49,30.3,63.2,20.7,12,160,0.869,312,0.519,258,0.314,0.497,0.551,14.4,3.5,6.1,5.6,24.9,1,0.86,1.78,8.7,113.5,108.7
,Derrick White,Bos,G,27.66,7,26.2,54.6,20.2,10.7,19,0.789,31,0.548,36,0.25,0.455,0.504,10.9,3.4,7,3,16.9,1,1.14,1.29,7.3,106.6,100.7
,Hassan Whiteside,Uta,C,32.72,48,18.4,38.4,17.4,11.6,127,0.654,257,0.634,0,0,0.634,0.654,8.5,7.8,23.2,0.4,3.2,0.31,1.5,0.85,6.5,131.5,92.6
,Joe Wieskamp,San,G-F,22.52,17,5.6,11.6,14.8,3,7,0.429,9,0.556,20,0.4,0.586,0.577,2.2,0.5,4.4,0.3,6.9,0.18,0.12,0.06,4.9,119.9,111.8
,Aaron Wiggins,Okc,G-F,23.16,37,22.3,46.4,13.8,11.4,51,0.706,117,0.598,93,0.301,0.533,0.559,7,3.4,7.8,1,7,0.68,0.24,0.81,5.2,109.1,105.2
,Andrew Wiggins,Gol,F,27.02,56,31.7,65.9,23,8.4,178,0.646,471,0.522,309,0.408,0.558,0.574,17.6,4.2,7.1,2.1,10.7,1.04,0.7,1.41,6.8,111.3,104.1
,Lindell Wigginton,Mil,G,23.93,12,9.6,19.9,16.4,15.9,18,0.556,15,0.533,14,0.5,0.638,0.637,3.9,1.3,7.3,0.6,8.5,0.33,0.08,0.58,6,112.6,105.5
,Robert Williams III,Bos,C-F,24.37,50,29.8,62.1,11.8,14.5,79,0.709,307,0.723,1,0,0.721,0.729,10,9.7,17.4,2,10.1,0.88,2.18,1.16,7.8,144.9,100.6
,Brandon Williams,Por,G,22.27,4,13.9,28.9,25.4,15.5,19,0.684,11,0.455,8,0.375,0.5,0.585,8,1,3.9,2.3,24.5,0,0,1.25,7.6,113.8,114.7
,Grant Williams,Bos,F,23.25,58,23.6,49.1,12,11.8,59,0.915,103,0.592,199,0.437,0.634,0.666,7.5,3.2,7.3,1.1,6.6,0.52,0.72,0.76,5,125.6,101.1
,Kenrich Williams,Okc,G-F,27.24,49,21.9,45.6,15.6,11.9,55,0.545,196,0.536,121,0.339,0.525,0.532,7.4,4.5,10.4,2.2,15.6,0.9,0.2,0.94,7.6,111.2,105.2
,Lou Williams,Atl,G,35.34,41,14.6,30.4,22.3,10.8,56,0.893,164,0.409,84,0.357,0.452,0.502,6.7,1.6,5.9,2,19.5,0.49,0.07,0.8,7.6,105.2,111.6
,Patrick Williams,Chi,F,20.51,5,24.9,52,9.4,7.5,4,1,17,0.588,6,0.5,0.63,0.666,6.6,2.2,4.9,0.6,3.1,0.6,0.4,0.4,3.3,126.6,109.5
,Ziaire Williams,Mem,F,20.47,43,21.9,45.7,14,7.8,29,0.793,123,0.65,159,0.289,0.528,0.545,7.5,1.9,4.6,0.9,5.2,0.56,0.16,0.58,4.3,110.3,106.4
,D.J. Wilson,Tor,F,26.03,4,13.5,28.2,16.9,9.3,10,0.8,13,0.846,2,0,0.733,0.773,7.5,4,16.1,1.3,14.7,1.25,0.25,0.5,10,148.7,94.5
,Dylan Windler,Cle,G-F,25.44,37,9.3,19.4,12,13.8,9,0.778,23,0.522,54,0.389,0.565,0.581,2.5,1.7,9.8,0.7,10,0.24,0.05,0.35,6.2,115,98.6
,Justise Winslow,Lac,F-G,25.93,37,13,27,17.8,18.5,41,0.61,112,0.518,29,0.172,0.465,0.49,4.2,3.6,14.4,1.4,15.7,0.57,0.49,0.97,8.5,98.1,99.1
,Justise Winslow,Por,F-G,25.93,7,30,62.6,18.4,9,16,0.625,50,0.52,24,0.333,0.514,0.531,12.3,6.6,11.9,3.1,16.2,1.43,0.71,1.14,8.4,112.9,108.1
,Cassius Winston,Was,G,24,5,5.4,11.3,12.9,12.7,2,1,1,1,5,0.4,0.667,0.727,2,0,0,1,25.6,0,0,0.2,0,143.4,93.6
,Robert Woodard II,Sac,F,22.44,12,3.5,7.3,18.1,5.6,2,1,12,0.083,4,0.25,0.156,0.207,0.6,0.9,14,0.3,8.9,0.08,0.08,0.08,6.2,,
,Christian Wood,Hou,F,26.43,56,30.9,64.3,23.7,10.9,267,0.596,470,0.551,274,0.372,0.554,0.571,17.6,10.1,18,2.2,11.8,0.73,0.91,1.88,9.5,110.5,108.2
,McKinley Wright IV,Min,G,23.35,3,2.9,6,19.4,25,0,0,1,1,2,0.5,0.833,0.833,1.7,0,0,0.3,18.9,0,0,0.33,0,,
,Delon Wright,Atl,G,29.84,55,18.1,37.6,10.9,14.5,42,0.833,115,0.487,79,0.392,0.528,0.565,4.4,2.9,8.6,2.4,17.2,1,0.2,0.65,6.9,122.1,111.8
,Moses Wright,Lac,F,23.19,1,1.5,3.1,0,,0,0,0,0,0,0,,,0,0,0,1,80.9,0,0,0,0,,
,Thaddeus Young,San,F,33.69,26,14.2,29.7,19.1,17.9,22,0.455,123,0.602,5,0,0.578,0.574,6.1,3.6,13.2,2.3,22.7,0.88,0.27,1.15,10.4,113.5,103.1
,Thaddeus Young,Tor,F,33.69,5,18.3,38.1,19.7,14.3,9,0.222,26,0.5,6,0.667,0.594,0.556,8,3.8,11.3,1.6,13.5,1,0.4,1.2,8,108.7,102
,Trae Young,Atl,G,23.45,55,34.5,71.9,35,14.8,381,0.895,704,0.506,422,0.377,0.528,0.591,27.8,3.9,6.1,9.4,46.3,0.98,0.11,4.09,11.7,116.5,113.7
,Omer Yurtseven,Mia,C,23.7,44,13.9,28.9,20,13.4,55,0.636,208,0.553,7,0.143,0.542,0.56,6.1,5.8,23.5,1,11.8,0.34,0.41,0.84,9.4,114.2,93.2
,Cody Zeller,Por,F-C,29.4,27,13.1,27.4,16,14.6,49,0.776,86,0.593,4,0,0.567,0.627,5.2,4.6,19.2,0.8,9.3,0.3,0.22,0.7,8.2,128.8,99.3
,Ivica Zubac,Lac,C,24.95,57,24.3,50.6,15.6,17.4,177,0.712,329,0.65,0,0,0.65,0.681,9.7,8.1,17.5,1.4,8.6,0.46,1.04,1.51,7.9,127.5,99.2
